ベルダーキャノン,LV1,80,0,0,やや遅い,中,なし,,DCDCCccbbaaaaaaB_____B______C_
,LV2,90,0,0,やや遅い,中,なし,,DDECCccbbAaaaaaB_____B______C_
,LV3,100,0,0,やや遅い,中,なし,,EEFCCccbbAaaaaaB_____B______C_
,LV4,110,0,0,やや遅い,中,なし,,EEFDDccbbAaaaaaB_____B______C_
,LV5,120,0,0,やや遅い,中,なし,,EEFDDccbbBaaaaaB_____C______D_
,LV6,160,0,0,やや遅い,中,なし,,FFGDDcdccBaaaaaB_____CA_____D_
,LV7,180,0,0,やや遅い,中,なし,,FFGEEcdccBaaaaaB_____CA_____D_
サージュキャノン,LV8,200,0,0,やや遅い,中,なし,,FFGEEcdccBaaaaaB_____CA_____D_
ソフォスキャノン,LV9,240,0,1,やや遅い,中,なし,,GGHEEcEccBaaaaaB_____CA_____E_
,LV10,270,0,2,やや遅い,中,なし,,GHIFEcEccBAaaaaB_____CA_____E_
,LV11,320,0,3,やや遅い,中,なし,,HIIFFcFccBAaaaaB_____CA_____E_
アルバレスト,LV1,90,0,0,普通,中,なし,,DCECccCccBaaaaaB_A_______C____
,LV2,100,0,0,普通,中,なし,,DCECccCccBaaaaaB_A_______C____
,LV3,110,0,0,普通,中,なし,,EDFCccCccBAaaaaB_A_______C____
,LV4,120,0,0,普通,中,なし,,EDFCccCccBAabaaB_A_______C____
,LV5,130,0,0,普通,中,なし,,EEFDccDccBAAbaaB_B_______D____
,LV6,140,0,0,普通,中,なし,,FEGDCcDCcBAAbaaB_B_______D____
,LV7,170,0,0,普通,中,なし,,FFGDCcDCcBAAbaaB_CA______D____
Ｓ・アルバレスト,LV8,190,0,0,普通,中,なし,,FFGDCcDCcBAAbaaB_CA______D____
Ｘ・アルバレスト,LV9,220,0,1,普通,中,なし,,GFHEDcEDcCAABaaB_CA__B___E____
,LV10,250,0,2,普通,中,なし,,HFHEDcEDcCAABAaB_CA__B___E____
,LV11,310,0,2,普通,中,なし,,HGIFEcFEcCBABAAB_CA__BA__E____
ボーンシューター,LV1,70,0,0,普通,大,なし,,CCDCccCccaaaAaaBA__B_____C_C__
,LV2,80,0,0,普通,大,なし,,CDECccCccaaaAaaBA__B_____C_C__
,LV3,90,0,0,普通,大,なし,,DEFCccDddaaaAaaBA__B_____C_C__
,LV4,100,0,0,普通,大,なし,,DEFCccDddaaaAaaBA__B_____C_C__
,LV5,120,0,0,普通,大,なし,,EEFCccEDdaaaAaaBA__C_____D_C__
,LV6,150,0,0,普通,大,なし,,FFGDdcEDdaaaAaaBA__CA____D_C__
,LV7,170,0,0,普通,大,なし,,FFGDdcFEDaaaAAaBA__CA____D_C__
ボーンバスター,LV8,180,0,0,普通,大,なし,,FFGDdcFEDaaaAAABA__CA____D_C__
ボーンブラスター,LV9,220,0,1,普通,大,なし,,GGHEDcGEEAaaBAABA__CB____E_C__
,LV10,250,0,2,普通,大,なし,,GHHEEcGFEBaaBBABA__CB____E_D__
,LV11,310,0,2,普通,大,なし,,HIIFEcGFFBBaBBABA__CB____E_D__
インジェクションガン,LV1,100,0,0,やや遅い,中,なし,防御:5,DDECccDCCaaaAaaC_B_____B___C__
,LV2,110,0,0,やや遅い,中,なし,防御:5,DDECccDCCaaaAaaC_B_____B___C__
,LV3,130,0,0,やや遅い,中,なし,防御:5,EEIDccEDDaaaAaaC_C_____C___D_B
,LV4,170,0,0,やや遅い,中,なし,防御:10,FFIDccFEEaaaBaaC_C_____C___D_B
ゼクトインジェクト,LV5,190,0,0,やや遅い,中,なし,防御:10,GFIEccFEEaaaBaaC_C_____C___D_B
トリパノフォビア,LV6,230,0,0,やや遅い,中,なし,防御:10,GGIEccGFEaaaBaaC_C_____C___D_C
,LV7,270,0,1,やや遅い,中,なし,防御:10,HGIFccGFFaaaBaaC_CA____C___D_C
,LV8,320,0,1,やや遅い,中,なし,防御:10,HHIFccGGFaaaBaaC_DB____C___D_C
サンドダイバー,LV1,90,0,0,やや速い,中,なし,,EEfCccCccAaaAaaCC__CACACADDD__
,LV2,100,0,0,やや速い,中,なし,,EEfCccCccAaaAaaCC__CACACADDD__
,LV3,120,0,0,やや速い,中,なし,,EEfCccCccAaaAaaCC__CACACADDD__
,LV4,150,0,0,やや速い,中,なし,,FFgDccDccAaaAaaCC__CACACADDD__
,LV5,180,0,0,やや速い,中,なし,,GFgDccDccBaaBaaCC__CACACADDD__
デザートダイバー,LV6,190,0,0,やや速い,中,なし,,HFgDccDccBaaBaaCC__CACACADDD__
深沙重弩ドスガレオス,LV7,230,0,0,やや速い,中,なし,,HGGDCcDCcBaaBaaCC__CBCACAEEE__
,LV8,310,0,0,やや速い,中,なし,,IHHDDcDDcBaaBaaCC__CBCACAEEE__
ガウプシカ,LV1,100,0,0,やや速い,中,なし,防御:10,DDEddcDCCaaaAaaB_______BA___D_
,LV2,110,0,0,やや速い,中,なし,防御:10,DDEddcDCCaaaAaaB_______BA___D_
,LV3,130,0,0,やや速い,中,なし,防御:10,DDEddcDCCaaaAaaB_______BA___D_
,LV4,160,0,0,やや速い,中,なし,防御:10,EEFddcDCCbbaAaaB_______CB___D_
ヘビィガウプシカ,LV5,190,0,0,やや速い,中,なし,防御:10,EEFddcDCCbbaAaaB_______CB___D_
エクストラガウプシカ,LV6,220,0,1,やや速い,中,なし,防御:15,FEGddcEDCbbaBaaB_______CB___E_
,LV7,310,0,1,やや速い,中,なし,防御:20,GFGddcFDDbbaBaaB_______CB___E_
リノマリーノ,LV1,80,0,0,やや遅い,中,左/小,,DEebcccCcAAAAaaBA____BB_______
,LV2,100,0,0,やや遅い,中,左/小,,EEeccccCcAAAAaaBA____CB_______
,LV3,140,0,0,やや遅い,中,左/小,,FEedccdDdBAAAaaBA____CB_______
,LV4,180,0,0,やや遅い,中,左/小,,GGhdcceEeBBAAaaBA____CB_______
ディープリノマリーノ,LV5,200,0,0,やや遅い,中,左/小,,HGhdcceEeBBBAaaBA____CB_______
パープルオクトーバー,LV6,240,0,0,やや遅い,中,左/小,,HHhdcceEeCCCBBABA____DC_______
,LV7,330,0,0,やや遅い,中,左/小,,IHhdcceEeDDDCBBBA____DC_______
ユクモノ重弩,LV1,100,0,0,極速,中,なし,,DDEbacBcdaaaaaa__B_______CC___
,LV2,110,0,0,極速,中,なし,,EEEbacBcdaaaaaa__B_______CC___
,LV3,130,0,0,極速,中,なし,,EEFcbdCddaaaaaa__C_______CC___
,LV4,170,0,0,極速,中,なし,,FFFcbdDddaaaaaa__C_______CC___
ユクモノキャノン,LV5,190,0,0,極速,中,なし,,GGGdceEddaaaaaa__D_______CC___
ユアガリキャノン,LV6,240,10,0,極速,中,なし,,HGHdceFddaaaaaa__D_______DD___
,LV7,270,10,0,極速,中,なし,,HHHdceFddaaaaaa__D_______DD___
,LV8,310,20,0,極速,中,なし,,IHHdceFddaaaaaa__D_______EE___
メテオバズーカ,LV1,100,0,2,やや遅い,中,なし,,DEGCCcEDcCBBaaa_A_A_A_A_A___BB
,LV2,110,0,2,やや遅い,中,なし,,DEGCCcEDcCBBaaa_A_A_A_A_A___BB
,LV3,120,0,2,やや遅い,中,なし,,DEGCCcEDcCCBaaa_A_A_A_A_A___BB
,LV4,150,0,3,やや遅い,中,なし,,EFHDCcEEcCCCaaa_A_A_A_A_A___BB
メテオキャノン,LV5,190,0,3,やや遅い,中,なし,,EFHDCcEEcCCCaaa_A_A_A_A_A___BB
ギャラクシーキャノン,LV6,250,0,3,やや遅い,中,なし,,FGIECCEEcCCCaaa_A_B_B_B_B___BB
,LV7,300,0,3,やや遅い,中,なし,,FGIEDDEEcDDCaaa_A_B_B_B_B___CC
イャンクック砲,LV1,120,0,1,極遅,中,なし,防御:5,EEHCCCDDDAAAAAA__CA______D____
,LV2,140,0,1,極遅,中,なし,防御:5,GGHCCCDDDAAAAAA__CA______D____
,LV3,150,0,1,極遅,中,なし,防御:10,IIHCCCDDDAAAAAA__CA______D____
,LV4,180,0,1,極遅,中,なし,防御:10,IIIDDDEEEAAAAAA__CA______D____
イャンクック大砲,LV5,200,0,1,極遅,中,なし,防御:15,IIIDDDEEEAAAAAA__CA______D____
イャンクック大怪砲,LV6,240,0,2,極遅,中,なし,防御:15,IJJEEEFFFBAABAA__CB______E____
,LV7,320,0,2,極遅,中,なし,防御:20,IJJEEEFFFBBBBBB__CB______E____
スレイペンギーゴ,LV1,110,0,0,普通,中,なし,,DCeCCcccbaaaaaaC_____B____B_C_
,LV2,120,0,0,普通,中,なし,,ECfCCcccbaaaaaaC_____B____B_C_
,LV3,140,0,0,普通,中,なし,,FDgDCcccbaaaaaaC_____B____B_C_
,LV4,180,0,0,普通,中,なし,,GDhEDcccbaaaaaaC_____CA___C_D_
スレイペンギング,LV5,200,0,0,普通,中,なし,,GDhEDcccbaaaaaaC_____CA___C_D_
ペングルスカイザー,LV6,240,0,1,普通,中,なし,,HEhEEDccbaaaaaaC_____CA___C_E_
,LV7,320,0,1,普通,中,なし,,HEhFFEccbaaaaaaC_____CA___D_F_
タンクメイジ,LV1,110,0,0,やや遅い,中,なし,,FFhCccDDDAaaAAa__CACACA__C____
,LV2,120,0,0,やや遅い,中,なし,,GGhCccEDDAaaAAa__CACACA__C____
,LV3,140,0,0,やや遅い,中,なし,,HHiCccFEEAaaAAa__CACACA__C____
,LV4,180,0,0,やや遅い,中,なし,,IIiDccFFEAaaBAa__CACACA__D____
タンクソーサラー,LV5,200,0,0,やや遅い,中,なし,,IIiDccFFEAaaBAa__CACACA__D____
タンクウィザード,LV6,250,0,1,やや遅い,中,なし,,IJiEccGFFBaaBAa__CBCBCB__D____
,LV7,320,0,1,やや遅い,中,なし,,IJIEccGGFBaaBBa__CBCBCB__D____
バスタークラブ,LV1,110,0,1,やや遅い,中,なし,防御:10,DDECDCCbbbaaaAaB_BA__B____B_B_
,LV2,130,0,1,やや遅い,中,なし,防御:10,DDFCDCCbbbaaaAaB_BA__B____C_C_
,LV3,160,0,2,やや遅い,中,なし,防御:20,EEGCECDbbbaaaAaC_CA__BA___C_C_
,LV4,190,0,2,やや遅い,中,なし,防御:20,FEGEECDbbbaaaAaC_CA__BA___C_C_
ヘビィバスタークラブ,LV5,200,0,2,やや遅い,中,なし,防御:30,GFGEECDbbbaaaAaC_CA__BA___C_C_
不動大名砲,LV6,230,0,3,やや遅い,中,なし,防御:30,GFHFEDEbbbaaaAaC_CA__BA___D_C_
,LV7,270,0,3,やや遅い,中,なし,防御:30,HGIFFDEbbbaaaAaC_CA__BA___E_D_
,LV8,320,0,3,やや遅い,中,なし,防御:30,HHIGFEEbbbaaaAaC_CA__BA___E_D_
キャロムボール,LV1,130,0,0,やや遅い,中,右/小,防御:10,DDEddcdDcAaaAaaB_________C____
,LV2,150,0,0,やや遅い,中,右/小,防御:10,EDEddcdDcAaaAaaB_________C____
,LV3,180,0,0,やや遅い,中,右/小,防御:20,FEEddcdDcAAaAAAB_________D____
転弩エイトボール,LV4,200,0,0,やや遅い,中,右/小,防御:20,GEEddcdDcAAAAAAB_________D____
赤転甲弩ナインボール,LV5,230,0,1,やや遅い,中,右/小,防御:30,GFEddcdEcBAABAAB___BA____D____
,LV6,320,0,2,やや遅い,中,右/小,防御:30,HFFddcdEcBBABBAB___BB____E____
バイナクルラ,LV1,120,5,0,やや遅い,やや小,左右/小,,EEGcCcdDDaaaaAaCBCBCBCBCB_____
,LV2,130,5,0,やや遅い,やや小,左右/小,,FFHcCcdDDaaaaAaCBCBCBCBCB_____
,LV3,170,5,1,やや遅い,やや小,左右/小,,GGIcDcdEEaaaaBaCBCBCBCBCB_____
眠砲公爵コシュマル,LV4,190,5,1,やや遅い,やや小,左右/小,,HHIcDcdEEaaaaBaCBCBCBCBCB_____
眠砲大公イルコシュマ,LV5,250,5,2,やや遅い,やや小,左右/小,,HIJCDcdEEaaaaBaCBCBCBDBCB_____
,LV6,290,10,2,やや遅い,やや小,左右/小,,IIJCEcdFEaaaaBaCBCBCBDBCB_____
,LV7,320,10,2,やや遅い,やや小,左右/小,,IJJDEcdFFaaaaBaCBCCCCDCCB_____
４６式潜伏重砲,LV1,110,0,1,やや遅い,中,なし,,EDFBBbCccaaaaaa__BAB___AA_D___
,LV2,120,0,1,やや遅い,中,なし,,FEGBBbCccaaaaaa__BAB___AA_D___
,LV3,140,0,1,やや遅い,中,なし,,GFHCCcDddaaaaaa__BAB___BB_E___
,LV4,180,0,1,やや遅い,中,なし,,HGICCcDddaaaaaa__CBC___BB_E___
潜砲ハープール,LV5,200,0,1,やや遅い,中,なし,,IHIDDdEeeaaaaaa__CBC___BB_E___
潜砲ボカ＝ハープール,LV6,260,0,2,やや遅い,中,なし,,IIJEDdEeeaaaaaa__CBC___BB_F___
,LV7,320,0,3,やや遅い,中,なし,,IJJEEdFeeaaaaaa__CBD___BB_F___
アイススロワー,LV1,120,0,1,普通,中,なし,,GGICBBDBBaaabaaCC____CA___CCC_
,LV2,140,0,1,普通,中,なし,,GGICBBDBBaaabaaCC____CA___CCC_
,LV3,180,0,1,普通,中,なし,,IIIDCCDCCaaabaaCC____CA___DDD_
エンバースロワー,LV4,200,0,1,普通,中,なし,,IIIDCCDCCaaabaaCC____CA___DDD_
プリマーテスロワー,LV5,260,0,2,普通,中,なし,,IIJECDECDaaabaaCC____CA___DDE_
,LV6,280,0,2,普通,中,なし,,IJJEDDEDDaaabaaCC____CA___EEE_
,LV7,320,0,2,普通,中,なし,,IJKEDDEDDaaabaaCC____CB___EEF_
バイトブラスター,LV1,130,0,1,やや速い,やや小,なし,防御:10,FGHCcdDEEaaaCaaCC__CB_________
,LV2,150,0,1,やや速い,やや小,なし,防御:10,FGICcdDEEaaaCaaCC__CB_________
,LV3,180,0,2,やや速い,やや小,なし,防御:10,GGIDcdEEFaaaCaaCC__CB_________
バイティングブラスト,LV4,200,0,2,やや速い,やや小,なし,防御:10,HHIEcdEEFaaaCaaCC__CC_________
ブレイスブラスト,LV5,250,0,2,やや速い,やや小,なし,防御:10,IHIEcdFEGaaaCaaCC__DC_________
,LV6,310,0,2,やや速い,やや小,なし,防御:15,IIJFcdFFGaaaCaaCC__DC_________
ヒドゥンスナイパー,LV1,110,20,0,やや速い,やや小,なし,,DDeBDcbbbBaabaaA______________
,LV2,120,20,0,やや速い,やや小,なし,,DDeBDcbbbBaabaaA______________
,LV3,150,30,0,やや速い,やや小,なし,,EEfDEdccbBaabaaA______________
,LV4,180,30,0,やや速い,やや小,なし,,EEfDEdccbBaabaaA______________
夜砲【黒風】,LV5,190,30,0,やや速い,やや小,なし,,EEfDEdccbBaabaaA______________
無明砲【正命】,LV6,250,30,1,やや速い,やや小,なし,,FEfEEDccbBaabaaA______________
,LV7,280,30,1,やや速い,やや小,なし,,FFfFEDccbBaabaaA______________
,LV8,300,30,1,やや速い,やや小,なし,,GFfFFDccbBaabaaA______________
ムーファイア,LV1,110,0,0,やや遅い,小,左右/小,,DDECCCCCCAAaAAaCB____BABA___B_
,LV2,120,0,0,やや遅い,小,左右/小,,EDFCCCCCCAAaAAaCB____BABA___C_
,LV3,130,0,0,やや遅い,小,左右/小,,EDHDDDCCDAAAAAACB____CACA___C_
,LV4,170,0,0,やや遅い,小,左右/小,,FDHEDEDDDBAABAACB____CBCB___D_
雲砲ムーフレイム,LV5,190,0,0,やや遅い,小,左右/小,,GDHEDEEDDBAABAACB____CBCB___D_
白雲砲ムーフレア,LV6,250,0,1,やや遅い,小,左右/小,,GEIFEEEEECAACAACB____DBCB___E_
,LV7,310,0,2,やや遅い,小,左右/小,,HEIFEFFFECBACBACB____DBCB___E_
炎妃龍の石重弩,LV1,130,-30,0,やや遅い,中,左右/小,防御:10,EFHDcdCCCAAaAAaBB________C____
,LV2,150,-30,0,やや遅い,中,左右/小,防御:10,EFHDcdDCCAAaAAaBB________C____
,LV3,210,-30,0,やや遅い,中,左右/小,防御:10,FFHEddDDDAAaAAaBB________C____
炎妃ガルグイユの叫喚,LV4,230,-30,0,やや遅い,中,左右/小,防御:10,FFHEddEDDAAaAAaBB________C____
気高き炎妃ガルグリト,LV5,290,-30,0,やや遅い,中,左右/小,防御:20,GGHFddEEEBAaBAaBB________D____
,LV6,350,-30,0,やや遅い,中,左右/小,防御:30,HHJFddFFFBBaBBaBB________F____
アイルー大砲,LV1,110,0,1,やや遅い,中,右/大,,DDDcccCCdaaaAaaBBBA___________
,LV2,130,0,1,やや遅い,中,右/大,,DDDcccCCdaaaAaaBBBA___________
,LV3,160,0,1,やや遅い,中,右/大,,EEEdddCCdaaaAaaBBBA___________
,LV4,190,0,1,やや遅い,中,右/大,,EEEdddCCdaaaBbbBBBA___________
ネコ獣砲ニャノン,LV5,200,0,1,やや遅い,中,右/大,,FFFdddCCdaaaBbbBBBA___________
獣王砲ニャーティレリ,LV6,240,0,2,やや遅い,中,右/大,,FGGdddDDdaaaBBbBBCA___________
,LV7,320,0,2,やや遅い,中,右/大,,GHHdddEEdaaaCBbBBCA___________
オブシドキャノン,LV1,140,10,0,やや遅い,大,なし,,FFGDDCdccBaaAaaBA____CA_____D_
,LV2,180,10,0,やや遅い,大,なし,,GFHEECdccBaaAaaBA____CA_____D_
,LV3,190,10,0,やや遅い,大,なし,,HGIFECdccBaaAaaBA____CA_____D_
歴耀砲カボニフェル,LV4,210,10,0,やや遅い,大,なし,,IGIFECdccBaaAaaBC____CA_____D_
エテル＝カボニフェル,LV5,270,15,0,やや遅い,大,なし,,IHJFEDdccBAaBaaBC____CA_____D_
,LV6,330,15,0,やや遅い,大,なし,,IIJFEEdccCBaBaaBC____CA_____D_
カホウ【烏】,LV1,140,0,0,やや遅い,中,なし,,FFICCCDDDAAAAAACCCB______F____
,LV2,160,0,0,やや遅い,中,なし,,GGICCCDDDAAAAAACCCB______F____
,LV3,200,0,0,やや遅い,中,なし,,HHICCCDDDAAAAAACCCB______F____
カホウ【狼】,LV4,210,0,0,やや遅い,中,なし,,IIICCCDDDAAAAAACCCB______F____
カホウ【凶】,LV5,270,0,1,やや遅い,中,なし,,IJJDCCDDDAAAAAACCCB______F____
,LV6,290,0,2,やや遅い,中,なし,,IJKDCCEDDBAABAACCCB______F____
,LV7,330,0,2,やや遅い,中,なし,,IKKDCCEDDBAABAACCCB______F____
ラギアブリッツ,LV1,150,0,0,普通,やや小,右/小,,EEfBbbEEdAaaAaaB___B___B___D__
,LV2,160,0,0,普通,やや小,右/小,,EEgBbbEEdAaaAaaB___B___B___D__
,LV3,200,0,0,普通,やや小,右/小,,FFhCccFFdAaaAaaB___B___B___E__
雷砲ラギアブリッツ,LV4,210,0,0,普通,やや小,右/小,,FFiCccFFdAaaAaaB___B___B___E__
豪雷砲ラギアブリッツ,LV5,280,0,1,普通,やや小,右/小,,GGIDccGFdBaaAaaB___B___B___F__
,LV6,300,0,1,普通,やや小,右/小,,GHJDccGGdBAaAaaB___BA__B___F__
,LV7,330,0,2,普通,やや小,右/小,,HHJEccGGdBAaAAaB___BA__B___G__
王砲ライド,LV1,150,10,0,普通,中,なし,,EFgCCcCDdbaabaa____BA______D__
,LV2,190,10,0,普通,中,なし,,FGhCCcCDdbaabaa____BA______D__
王牙砲【山雷】,LV3,210,10,0,普通,中,なし,,GHiCCcCDdbbbbbb____CA______E__
真・王牙砲【天機】,LV4,280,10,1,普通,中,なし,,GHIDDcDEdbbbbbb____CA______F__
,LV5,300,10,1,普通,中,なし,,HIIEDcDEdbbbbbb____CB______G__
,LV6,330,10,1,普通,中,なし,,IIJFEcEEdbbbbbb____CB______G__
狐重砲ハライニケリナ,LV1,150,0,1,やや速い,やや小,なし,,EEgDDDDccaAaaaaBA______CB_C___
,LV2,160,0,1,やや速い,やや小,なし,,FEgEEDDccaAaaaaBA______CB_D___
,LV3,200,0,1,やや速い,やや小,なし,,FEgEEEDccaAaaaaBA______CB_D___
あしひきの山砲の御車,LV4,220,0,1,やや速い,やや小,なし,,GFhFFEDccaAaaaaBA______DB_D___
あしひきの山水撞車砲,LV5,290,0,1,やや速い,やや小,なし,,GGhFGFDccaBaaaaBA______DC_E___
,LV6,310,0,1,やや速い,やや小,なし,,HGhGGFDccaBaaaaBA______DC_E___
,LV7,340,0,2,やや速い,やや小,なし,,HHhGGFEccaBaaaaBA______DC_F___
電竜砲【進撃】,LV1,150,10,2,普通,中,なし,,EEHEFFcCcAaabaaBA__CB______C__
,LV2,160,10,2,普通,中,なし,,FEHEFFcCcAaabaaBA__CB______D__
,LV3,200,10,2,普通,中,なし,,FFIFFFcCcBaabaaBA__CB______D__
電竜砲【雷撃】,LV4,220,10,2,普通,中,なし,,GFIFFFdDcBaabaaBA__CB______E__
電竜大砲【閃撃】,LV5,290,15,2,普通,中,なし,,GGIGFFdDcBaabaaBA__CB______F__
,LV6,310,15,2,普通,中,なし,,HGIGGGdDcCaabaaBA__CB______F__
,LV7,330,20,2,普通,中,なし,,HHIGGGdEcCaabaaBA__CB______G__
巨獣砲,LV1,160,-10,0,極遅,中,なし,防御:15,FFFeFeEEEbBbCBBBA____CB_____D_
,LV2,180,-10,0,極遅,中,なし,防御:20,HFHeFeFEEbBbCBBBA____CB_____D_
,LV3,230,-10,0,極遅,中,なし,防御:25,IHIfFfFFFbBbCBBBA____CB_____E_
巨撃・爆砲ォー遠,LV4,240,-10,0,極遅,中,なし,防御:30,IHIfFfFFFbBbCBBBA____DB_____E_
爆砲ォー遠ＭＡＸ,LV5,310,-10,1,極遅,中,なし,防御:30,IIJfFfGFFbBbCBBBA____DC_____E_
,LV6,330,-10,1,極遅,中,なし,防御:30,IIJfFfGGGbBbCBBBA____EC_____F_
,LV7,360,-10,1,極遅,中,なし,防御:40,IJJfFfGGGbCbCCBBA____EC_____F_
灼炎のイグナー,LV1,160,0,2,やや遅い,中,なし,,FFGCCDDCCBAAAaaBA________C____
,LV2,170,0,2,やや遅い,中,なし,,FGGCCDDDDBBABaaBA________D____
,LV3,210,0,2,やや遅い,中,なし,,GGHDDEEEEBBBBaaBA________D____
斬竜砲エクリクス,LV4,230,0,2,やや遅い,中,なし,,HGHDDEEEEBBBBaaBA________D____
大斬砲エクリクノヴァ,LV5,310,0,2,やや遅い,中,なし,,HHIEEFFEEBBBBaaBA________E____
,LV6,320,0,2,やや遅い,中,なし,,IHJEEFFFFCBBCaaBA________E____
,LV7,350,0,2,やや遅い,中,なし,,IIJEEFGFFDCCCaaBA________F____
サイドアルシャマリ,LV1,150,10,1,やや速い,大,なし,,FDBFDbEEBaaaaaa_______________
,LV2,160,10,1,やや速い,大,なし,,FECFDbEECaaaaaa_______________
,LV3,200,10,1,やや速い,大,なし,,FFCFDbFFCaaaaaa_______________
叛砲アルシャマリ,LV4,210,10,1,やや速い,大,なし,,FFCFDbFFCaaaaaa_______________
乱叛砲アルシャマリ,LV5,300,10,2,やや速い,大,なし,,GGDFDbGFDaaaaaa_______________
,LV6,330,15,2,やや速い,大,なし,,GGEFECGGDaaaaaa_______________
レックスハウル,LV1,150,-10,0,やや遅い,大,右/大,,DDEdcCccCCCBAAa_____________BA
,LV2,190,-10,0,やや遅い,大,右/大,,EEFedDddDCCBAAa_____________BA
轟砲【虎頭】,LV3,230,-10,0,やや遅い,大,右/大,,FFGfeEeeECCBAAa_____________BA
轟砲【大虎頭】,LV4,300,-10,0,やや遅い,大,右/大,,FGGfeEeeEDCBBBa_____________BA
,LV5,320,-10,0,やや遅い,大,右/大,,GGHfeEeeEDDBCBa_____________BA
,LV6,350,-10,0,やや遅い,大,右/大,,HHIfeEeeEDDBCBA_____________BA
ディオスキャノン,LV1,150,0,1,普通,やや小,なし,,CCCcCCCDDBAAAAaB_BA____BAC____
,LV2,200,0,1,普通,やや小,なし,,DDCcDDCDDBAAAAaB_CA____BAD____
爆砲アトミキャノン,LV3,210,0,1,普通,やや小,なし,,DDCcDDCDDBAAAAaB_CB____BAD____
爆砲エクスアトムズ,LV4,300,0,2,普通,やや小,なし,,EDDcDDDDDCBBAAaB_CB____CAE____
,LV5,330,0,2,普通,やや小,なし,,FEEcEEEEDDBBBAaB_CB____CBE____
トリガーofハザード,LV1,150,20,1,普通,中,なし,,EFFbBbECdaaaAaaB___B___B_____B
,LV2,190,20,1,普通,中,なし,,EFFcCcEDdaaaAaaB___B___B_____B
トリガーofデマイズ,LV3,210,20,1,普通,中,なし,,FFFcCcFDdaaaAaaB___B___B_____B
トリガーofオール,LV4,300,20,2,普通,中,なし,,GFGcDcFEdBaaBaaB___BA__B_____B
,LV5,330,20,2,普通,中,なし,,GGHcDcGEdBaaBaaB___CA__B_____B
デルフ＝ダオラ,LV1,150,10,1,やや速い,中,左/小,,DEFBDDCccBaaAAaBACACA_____B_C_
,LV2,160,10,1,やや速い,中,左/小,,EFFBDDCccBaaAAaBACACA_____B_C_
,LV3,210,10,1,やや速い,中,左/小,,FGFCEDDddCaaBAaBACACA_____C_C_
グラン＝ダオラ,LV4,230,10,1,やや速い,中,左/小,,FGFCEEDddCaaBAaBACACA_____D_D_
コルム＝ダオラ,LV5,320,20,1,やや速い,中,左/小,,GHGDFFEddDaaBBaBACBCB_____E_E_
,LV6,350,20,1,やや速い,中,左/小,,HIHEGGEddDaaCBaBACBCB_____F_F_
天秤といふ名の白骸,LV1,160,0,1,やや遅い,やや小,右/小,,FFHEFDfFeAAAaaAB___CA__CA____B
,LV2,200,0,1,やや遅い,やや小,右/小,,GFIEFDfFeBBAaaAB___CA__CA____B
,LV3,210,0,1,やや遅い,やや小,右/小,,HGIFFEfFeCBAaaAB___CA__CA____B
白骸の罪砲,LV4,220,0,1,やや遅い,やや小,右/小,,IHIFFEfFeCBAaaAB___CA__CA____B
白骸罪砲スベンゲヌビ,LV5,300,0,1,やや遅い,やや小,右/小,,IIIGFFfFeCBBaaAB___CA__CA____B
,LV6,340,0,1,やや遅い,やや小,右/小,,IIJGGFfFeCBBaaAB___CA__CA____B
海造砲【火刃】,LV1,150,0,0,やや遅い,やや小,左右/小,,HEecCcCCdAAACCC__________CC___
,LV2,190,0,0,やや遅い,やや小,左右/小,,HEecCcCCdAAACCC__________CC___
海造砲【炎刃】,LV3,210,0,0,やや遅い,やや小,左右/小,,HEedDcDDdAAACCC__________CC___
海造砲【灰燼】,LV4,270,0,0,やや遅い,やや小,左右/小,,IFedDcDDdBAACCC__________DD___
,LV5,330,0,0,やや遅い,やや小,左右/小,,IGedEcEEdCBBCCC__________EE___
真ユクモノ重弩,LV1,140,0,2,やや遅い,中,なし,,EFHBbcCccBaaAAaB_BABA__B_CC___
,LV2,150,0,2,やや遅い,中,なし,,FGHBbcCccBaaAAaB_BABA__B_CC___
,LV3,200,0,2,やや遅い,中,なし,,GGICbcDddBaaAAaB_CACA__B_CC___
ユクモ連山重弩,LV4,210,0,2,やや遅い,中,なし,,HHICbcDddBaaAAaB_CBCB__B_CC___
ユクモ連峰重弩・山岨,LV5,270,0,3,やや遅い,中,なし,,HIJDbcEddBaaAAaB_CBCB__B_DD___
,LV6,330,0,3,やや遅い,中,なし,,IIKEbcFddBaaAAaB_CBCB__B_EE___
ブラックキャノン,LV1,140,0,1,やや遅い,中,なし,,FFICCCdddAAAAAAC_C_C_C_C_CCC__
,LV2,150,0,1,やや遅い,中,なし,,GGICCCdddBAABAAC_C_C_C_C_CCE__
,LV3,200,0,1,やや遅い,中,なし,,HGICCCdddBAABAAC_C_C_C_C_CCE__
クロノキャノン,LV4,210,0,1,やや遅い,中,なし,,HHICCCdddBAABAAC_C_C_C_C_CCE__
ミラキャノン,LV5,310,0,2,やや遅い,中,なし,,IHJDDDdddCAACAAC_C_C_C_C_DDE__
,LV6,330,0,2,やや遅い,中,なし,,IJKDDDdddCBBCBBC_C_C_C_C_EEFB_
ラピッドキャスト,LV1,150,0,0,極速,中,なし,,FFICccDbbAaaAaaC_C_C_C_B____C_
,LV2,180,0,0,極速,中,なし,,FFICccDbbAaaAaaC_C_C_C_B____C_
ハイサイクルキャスト,LV3,190,0,0,極速,中,なし,,GFIDccDbbAaaAaaC_C_C_C_B____C_
俊足重弩ケルビ,LV4,220,0,0,極速,中,なし,,GGJDccEbbBaaBaaC_C_C_C_B____C_
,LV5,310,0,0,極速,中,なし,,GGKEccEbbBaaBaaC_C_C_C_B____C_
ラストニードル,LV1,150,0,0,普通,中,なし,防御:10,FEGDccEDCaaaAAA_B_B_____B__C__
,LV2,170,0,0,普通,中,なし,防御:10,FEGDccEDCaaaAAA_B_B_____B__C__
ハニーコーマー,LV3,180,0,0,普通,中,なし,防御:10,FEGDccFDCaaaBAA_B_B_____B__C__
ヴェスピアリ,LV4,240,0,0,普通,中,なし,防御:10,FEHEccFEDaaaBBA_B_BB____B__C__
,LV5,260,0,1,普通,中,なし,防御:10,GFHEccGEEaaaBBA_B_BBA___B__C__
,LV6,310,0,1,普通,中,なし,防御:10,GGIEccGFEaaaBBA_B_BCB___B__C__
討伐隊正式重砲,LV1,150,0,1,普通,中,なし,,EEHCCdDCCbAaBaaCC__________C__
,LV2,190,0,1,普通,中,なし,,FFHDCdECCbAaBaaCC__________D__
近衛隊正式重砲,LV3,210,0,1,普通,中,なし,,GGHDDdFDCbAaBaaCC__________E__
インペリアルカノン,LV4,260,0,2,普通,中,なし,,GHHEDdGEDbAaBaaCC__________E__
,LV5,330,0,2,普通,中,なし,,HHIEEdGEEbBaBaaCC__________F__
青熊筒,LV1,160,0,1,普通,中,なし,防御:5,EFgBBbCCcaaaBaaB_B_B_B_C_C____
,LV2,190,0,1,普通,中,なし,防御:10,FGhCCcDDdaaaBaaB_B_B_B_C_D____
青熊轟筒【川漁】,LV3,200,0,1,普通,中,なし,防御:15,GHiCCcEEeaaaCaaB_C_C_C_C_E____
百貫筒【大熊】,LV4,250,0,2,普通,中,なし,防御:15,HIiDCcFFEBaaCaaB_C_C_C_C_E____
,LV5,320,0,2,普通,中,なし,防御:15,HJiDCcGFFBaaCaaB_C_C_C_C_E____
荒縄鼓砲,LV1,160,0,1,普通,中,なし,防御:5,CEeDccDEdaaaCaaC_______C____C_
,LV2,190,0,1,普通,中,なし,防御:10,DFfDccEEdaaaCaaC_______C____D_
荒縄鼓砲【調緒】,LV3,200,0,1,普通,中,なし,防御:15,EGgDccFFdaaaCaaC_______C____E_
鼓撃ち弩首領火ッ,LV4,250,0,2,普通,中,なし,防御:20,FGGEccGFdBaaCAaC_______C____E_
,LV5,320,0,2,普通,中,なし,防御:20,GHHEccGGdCaaCBaC_______C____E_
ズッカカロッツァ,LV1,150,0,2,やや遅い,やや小,なし,,EEEBccEFdAaaAaaBA__B_BABA_C___
,LV2,190,0,2,やや遅い,やや小,なし,,FFFCccEFdAaaAaaBA__B_BABA_C___
サンドリヨン,LV3,200,0,2,やや遅い,やや小,なし,,GGGDccFFdAaaAaaBA__C_CACA_C___
ビビディバビディ砲,LV4,240,0,2,やや遅い,やや小,なし,,HGGDccFFdBaaBaaBA__CACBCB_D___
,LV5,320,0,2,やや遅い,やや小,なし,,IHHEccFFdBaaBaaBA__DBDBCB_D___
ピアースクラブ,LV1,190,0,1,普通,中,なし,,FFIDDDBBBAAAAAACCCA__CA___C_C_
,LV2,200,0,1,普通,中,なし,,GGIEDDCCBAAAAAACCCA__CA___C_C_
ウチヌキ,LV3,210,0,1,普通,中,なし,,HHIFDDDCBAAAAAACCCA__CA___C_C_
ウチヌキマクリ,LV4,280,0,1,普通,中,なし,,HIJFEEDCBAAAAAACCCA__CA___C_C_
,LV5,300,0,1,普通,中,なし,,IJJGEEDCBAAAAAACCCA__CA___C_C_
,LV6,330,0,1,普通,中,なし,,IJJGEEDCBAAAAAACCCA__CA___C_C_
ガノスプレッシャー,LV1,180,5,0,やや速い,やや小,なし,防御:10,EEfBBcBCDAaaAaaB_B_A_CAB__D___
,LV2,190,5,0,やや速い,やや小,なし,防御:10,EEfBBcBCDAaaAaaB_B_A_CAB__D___
ガノバッシャーガン,LV3,210,5,0,やや速い,やや小,なし,防御:10,EEfBBcBCDAaaAaaB_B_A_CAB__D___
ハイガノバッシャー,LV4,270,5,0,やや速い,やや小,なし,防御:15,FFfBCcCDDAaaAaaB_B_B_CAB__E___
,LV5,290,10,0,やや速い,やや小,なし,防御:15,GFfBCcDDDAaaAaaB_B_BACAB__E___
,LV6,330,10,0,やや速い,やや小,なし,防御:20,GGfCCcDEEAaaAaaB_B_BACAB__F___
メテオバスター,LV1,180,0,2,やや速い,中,なし,,FFIDDDBBBAAAAAAC___C_C_C_C____
,LV2,190,0,2,やや速い,中,なし,,GGIDDDCCBBAABAAC___C_C_C_C____
メテオフォール,LV3,210,0,2,やや速い,中,なし,,GGIDDDDCBBBABBAC___C_C_C_C____
アスターエイドス,LV4,270,0,2,やや速い,中,なし,,GGJDDDEDCBBBBBAC___C_C_C_C____
,LV5,300,0,2,やや速い,中,なし,,HHJDDDFEDBBBBBAC___C_C_C_C____
,LV6,330,0,2,やや速い,中,なし,,HHKEDDFEEBBBBBAC___C_C_C_C____
ロックイーター,LV1,170,0,0,普通,中,なし,防御:10,EEGCccDddAAAAAA_BBA_A_A__C____
,LV2,180,0,1,普通,中,なし,防御:10,FEHCccDddBBABAA_BBA_A_A__C____
アースイーター,LV3,200,0,1,普通,中,なし,防御:10,FFICDcEEdCBBBBA_BCA_B_B__D____
ガイアイーター,LV4,260,0,2,普通,中,なし,防御:15,GGICEcEFdDCCCBB_BCBABAB__D____
,LV5,320,0,2,普通,中,なし,防御:15,GHJCEDFFEEDCCCC_BCBBBBB__E____
ネルバスターガン,LV1,180,15,1,やや速い,やや小,右/小,,EEfCBBBCdaaaAaaBABA__CAA______
,LV2,190,15,1,やや速い,やや小,右/小,,EFfCCBBCdaaaAaaBABA__CAA______
バスターブラスター,LV3,210,25,2,やや速い,やや小,右/小,,FFfDCCBCdaaaAaaBABA__CBA______
バスターランシエルダ,LV4,270,25,2,やや速い,やや小,右/小,,FGfDDCCDdaaaAaaBABB__DBB______
,LV5,300,25,2,やや速い,やや小,右/小,,GGgEDDCDdaaaBaaBABB__DBB______
,LV6,330,40,2,やや速い,やや小,右/小,,GHgEEDCDdaaaBaaBACB__DBB______
チャージグリフサルト,LV1,160,0,0,やや遅い,中,左/小,,GEheeeDCCbaaAaa____CA________A
,LV2,200,0,0,やや遅い,中,左/小,,GFieeeDCCbaaAaa____CA________A
徹甲砲アルセルタス,LV3,220,0,0,やや遅い,中,左/小,,HGieeeDCCbaaAaa____CA________A
徹甲雄砲アルセルタス,LV4,260,0,0,やや遅い,中,左/小,,HHiFeeDCCBAaAaa____CA________A
,LV5,340,0,0,やや遅い,中,左/小,,IIiFEeDCCBAaAaa____CA________A
妃竜砲【遠撃】,LV1,180,0,2,やや遅い,中,なし,,GHIBCcCDcaaaAAaB_CB______D____
,LV2,190,0,2,やや遅い,中,なし,,HHICDcCDcaaaAAaB_CB______D____
妃竜砲【飛撃】,LV3,210,0,2,やや遅い,中,なし,,IHIDEcCDcbaaAAaB_CB______E____
妃竜砲【姫撃】,LV4,270,0,2,やや遅い,中,なし,,IIIDFcCEcbaaBAaB_CB______E____
,LV5,300,0,2,やや遅い,中,なし,,IIIEFcDEcbaaBAaB_CB______F____
,LV6,330,0,3,やや遅い,中,なし,,IIJEFcEEcbaaBBaB_CB______F____
アグナブロウ,LV1,200,5,0,やや遅い,大,なし,,EFfCCcdCcBBaaAaBAB_A_____E____
,LV2,210,5,0,やや遅い,大,なし,,EFfDDcdCcBBaaAaBAB_A_____E____
炎戈銃ブレイズヘル,LV3,220,5,0,やや遅い,大,なし,,FFfDDcdDcBBaaAaBAC_B_____E____
炎戈砲ブロウブレイズ,LV4,310,10,1,やや遅い,大,なし,,GGGEDcdDcBBaaAaBAC_B_____E____
,LV5,340,10,1,やや遅い,大,なし,,HHGEEcdEcBBaaAaBAC_B_____E____
クイックキャスト,LV1,170,0,0,極速,中,なし,,FFICCCDCCAAAAAACCCA______BBCB_
,LV2,180,0,0,極速,中,なし,,GFIDCCDCCAAAAAACCCA______CCCC_
クイックシャフト,LV3,190,0,0,極速,中,なし,,HGIEDCDCCAAAAAACCCA______CCCC_
紫電一閃砲キリン,LV4,280,0,1,極速,中,なし,,HGJEEDDDDBAABAACCCA______DDDD_
,LV5,310,0,1,極速,中,なし,,HHJEEEDDDBAABAACCCA______DDED_
ブルームスター,LV1,180,0,1,やや遅い,中,なし,,DEgDCccccBBaaaa____B___B___C_B
,LV2,190,0,1,やや遅い,中,なし,,DEgECcdccBBaaaa____B___B___C_B
ミーティア,LV3,200,0,1,やや遅い,中,なし,,DEgFCcdccBBaaaa____B___B___D_B
アステール,LV4,260,0,2,やや遅い,中,なし,,EFgGCCdccBBaAaa____B___B___D_C
,LV5,320,0,2,やや遅い,中,なし,,FFgGDDdccBBaBaa____BA__B___E_C
ナナホシ大砲,LV1,180,0,3,極遅,中,右/大,防御:20,IIICCCDDDAAAAAACCCACACACA__D__
,LV2,190,0,3,極遅,中,右/大,防御:20,IIIDCCDDDAAAAAACCCACACACA__D__
ナナホシ天砲,LV3,200,0,3,極遅,中,右/大,防御:20,IIIDDDEEEAAAAAACCCACACACA__D__
オオナナホシ天砲,LV4,260,0,3,極遅,中,右/大,防御:30,IJJEEEEEEBAABAACCCACACACA__E__
,LV5,320,0,3,極遅,中,右/大,防御:30,IKKEEEFFFBBABBACCCACACACA__E__
パワースティンカー,LV1,160,0,1,やや遅い,中,右/大,防御:15,FEDBCCCCcaaaaaaB_B_B_B_B______
,LV2,180,0,1,やや遅い,中,右/大,防御:15,FFDBCCCDcaaaAaaB_B_B_B_B_C____
ワイルドスティンカー,LV3,200,0,1,やや遅い,中,右/大,防御:15,GGEBCCDDcaaaAaaB_BABABAB_C____
デッドスティンカー,LV4,230,0,2,やや遅い,中,右/大,防御:20,GHFCDCDDCaaaBaaC_CACABAC_C____
,LV5,270,0,2,やや遅い,中,右/大,防御:20,HHFCDDDEDaaaBaaC_CBCBBBC_C____
,LV6,320,0,2,やや遅い,中,右/大,防御:20,HIGDDDEFEaaaBaaC_CBCBBBC_C____
ゲェレーラキャノン,LV1,200,20,1,極速,中,なし,,CDeEEEBbbaaaaaaB_____A_A____D_
ゲェレーラエスピノ,LV2,230,20,2,極速,中,なし,,DDeFFFBbbaaaaaaB_____A_A____E_
ビヤラースヴァリア,LV3,290,30,2,極速,中,なし,,DEfFGFCbbaaaaaaB_____B_B____F_
,LV4,310,30,2,極速,中,なし,,DEfGGFCbbaaaaaaB_____B_B____F_
,LV5,340,30,2,極速,中,なし,,EFfGGGCbbaaaaaaB_____B_B____G_
グラビモスハウル,LV1,190,0,0,極遅,中,右/大,防御:15,EEFbBCbCDaAAaAaB_____BA__C_B__
,LV2,200,0,0,極遅,中,右/大,防御:15,FEFbCCbCDaAAaAaB_____BA__C_B__
グラビドギガハウル,LV3,210,0,1,極遅,中,右/大,防御:15,GEFcCDcDDaBAaBaB_____BA__D_C__
グラビドギガムドファ,LV4,290,0,1,極遅,中,右/大,防御:20,GFGcDEcEEaBBaBaB_____CB__D_C__
,LV5,310,0,2,極遅,中,右/大,防御:20,HGGcEEcEFaBBaBaB_____CB__E_C__
,LV6,340,0,2,極遅,中,右/大,防御:20,HHHcEFcEFaCBaCaB_____CC__E_D__
エルドラカノーネ,LV1,180,10,3,普通,大,なし,,DDDDDfDDfBAABAA_______________
亡国の宝砲アルゼント,LV2,200,10,3,普通,大,なし,,EEEEEfEEfBBBBBB_______________
至宝砲シャンバラ,LV3,230,10,3,普通,大,なし,,EEEEEfEEfCBBCBB_______________
,LV4,260,10,3,普通,大,なし,,FFFFFfFFfCCCCCC_______________
,LV5,290,10,3,普通,大,なし,,FFFFFfFFfCCCCCC_______________
叛逆の怒砲,LV1,210,10,1,やや速い,大,なし,,FDBFDbEEBaaaaaa_______________
,LV2,220,10,1,やや速い,大,なし,,FECFDbEECaaaaaa_______________
叛逆砲イーラレギオン,LV3,230,10,1,やや速い,大,なし,,FFCFDbFFCaaaaaa_______________
叛断ノ覇砲レギオン,LV4,300,10,1,やや速い,大,なし,,GFDFEbFFDaaaaaa_______________
,LV5,320,10,1,やや速い,大,なし,,GGEGEbFFDaaaaaa_______________
,LV6,350,10,1,やや速い,大,なし,,HHFGFbGFEaaaaaa_______________
モンテベルデ,LV1,210,0,0,普通,大,なし,防御:10,BCBFFEDDDBBBBAA____C_CB_______
,LV2,220,0,0,普通,大,なし,防御:20,BCBFFEEEDBBBBAA____C_CB_______
山穿ジガンラケーテ,LV3,230,0,0,普通,大,なし,防御:25,BCBFFEFEDBBBBAA____C_CB_______
嶺穿ジガンラキエータ,LV4,280,0,0,普通,大,なし,防御:25,CCBFFEFEDBBBBAA____C_CB_______
,LV5,310,0,1,普通,大,なし,防御:25,CCBFFEFEDCBBBAA____C_CB_______
,LV6,350,0,1,普通,大,なし,防御:25,CDBFFEFEDCBBCBA____C_CB_______
爆砕の重砲,LV1,210,0,1,普通,やや小,なし,,DDCcDDCDDBBAAAaB_CB____BAD____
,LV2,220,0,1,普通,やや小,なし,,DDCcDDCDDBBAAAaB_CB____BAD____
破岩大砲シュライアー,LV3,230,0,1,普通,やや小,なし,,EDCcEDCDDBBAAAaB_CB____BAD____
砕巌大砲シュライアー,LV4,300,0,1,普通,やや小,なし,,FDCcEDCDDBBABAaB_CB____BAD____
,LV5,320,0,1,普通,やや小,なし,,FECcFDDEEBBABBaB_CB____BAD____
,LV6,350,0,1,普通,やや小,なし,,GEDcFEDFFBBACBaB_CB____BAD____
THEディザスター,LV1,200,30,1,普通,中,なし,,EGGcBcECcaaaAaaB___B___C_____B
,LV2,210,30,1,普通,中,なし,,FGHcBcECcaaaAaaB___B___C_____B
THEフェイス,LV3,220,30,1,普通,中,なし,,GHIcBcECcaaaAaaB___B___C_____B
THEデリュージュ,LV4,290,30,1,普通,中,なし,,HHIcCcEDcaaaAaaB___C___C_____C
,LV5,310,30,1,普通,中,なし,,HHJcCcFDcaaaAaaB___C___C_____C
,LV6,340,30,1,普通,中,なし,,IIJcDcFEcaaaAaaB___C___C_____C
暴食の重弩,LV1,200,-10,0,やや遅い,中,左/大,,EEIcDDcDEaaaaAB________C_C___C
,LV2,210,-10,0,やや遅い,中,左/大,,FEIcDDdEFaaaaAB________C_C___C
アンフィニグラ,LV3,220,-10,0,やや遅い,中,左/大,,GEIdEEeEFaaaaAB________C_D___C
ネロ＝アンフィニグラ,LV4,310,-10,1,やや遅い,中,左/大,,HFJdEEEFFaaaBBB________C_E___C
,LV5,340,-10,1,やや遅い,中,左/大,,IFJdEEFFGaaaCBB________C_E___C
ヒーローブラスター,LV1,160,40,2,やや遅い,中,なし,,FFHDEFDEEAAAAAABB________C____
,LV2,180,40,2,やや遅い,中,なし,,FFHDEFDEEBBBBBBBB________C____
マスターブラスター,LV3,190,40,2,やや遅い,中,なし,,GFHDEFDEEBBBBBBBB________C____
レジェンドブラスター,LV4,250,40,2,やや遅い,中,なし,,GGIDEFDEECBBBBBBB________D____
,LV5,280,40,2,やや遅い,中,なし,,GGIEEGEEFCCBCCBBB________D____
,LV6,310,40,2,やや遅い,中,なし,,HHIEFGEFFCCCCCCBB________E____
デュエルスタッブ,LV1,220,-20,0,極遅,中,左/大,,CCEBCCBCcAaaaaa________BA_____
バズディアーカ,LV2,230,-20,0,極遅,中,左/大,,DDECCDBCcAaaaaa________BA_____
モラクディアーカ,LV3,320,-20,0,極遅,中,左/大,,EEFDCDCCdAaaaaa________BA_____
,LV4,340,-30,1,極遅,中,左/大,,FEFDDECDdBaaaaa________CA_____
,LV5,370,-30,1,極遅,中,左/大,,FFGDEECDdBaaaaa________CA_____
未解を覗く重弩,LV1,200,15,1,やや遅い,やや小,なし,,GFGeCDeCDaAAaAA__________CCCC_
研鑽されし龍識重弩,LV2,220,15,1,やや遅い,やや小,なし,,GGGeDDeDDaAAaAA__________DDDD_
龍識究砲ミクロスピオ,LV3,250,20,2,やや遅い,やや小,なし,,HGHfDEfDEaBAaBA__________DDDD_
,LV4,270,20,2,やや遅い,やや小,なし,,HHHfEEfEEaBAaBA__________EEEE_
,LV5,300,30,3,やや遅い,やや小,なし,,IHHfEEfEEaCBaCB__________EEEE_
アルバレッド,LV1,190,0,2,普通,中,なし,,GFGdEDdEDaAAaAA__CB______E____
Ｓ・アルバレッド,LV2,210,0,2,普通,中,なし,,GGHdEEdEEaBAaBA__CB______E____
Ｘ・アルバレッド,LV3,240,0,2,普通,中,なし,,HGHeFEeFEaBBaBB__CC______F____
,LV4,270,0,2,普通,中,なし,,HHIeFFeFFaCBaCB__CC______F____
,LV5,330,0,2,普通,中,なし,,IHJeGFeGFaCBaCB__CC______G____
海賊Ｊキャノン,LV1,190,0,1,やや遅い,中,左右/小,,EEGcccccCAAAAAABB__BA____C____
,LV2,200,0,1,やや遅い,中,左右/小,,FEHcccccDBAABAABB__BA____D____
大海賊Ｊキャノン,LV3,210,0,1,やや遅い,中,左右/小,,FFIcccccDBBABBABB__BB____E____
海賊王Ｊキャノン,LV4,290,0,1,やや遅い,中,左右/小,,GFIcccccECBBBBABB__CB____F____
,LV5,330,0,1,やや遅い,中,左右/小,,GGJcccccECCCBBBBB__CB____F____
カーマエレオーン,LV1,210,0,2,やや速い,中,左右/小,防御:30,FFICCcDDdAAABaaCCBABABABAD___B
,LV2,220,0,2,やや速い,中,左右/小,防御:30,GGICCcDDdAAABaaCCCBBACACAD___B
カーマヒトバーレ,LV3,230,0,2,やや速い,中,左右/小,防御:30,HHICCcDDdAAABaaCCDCBACBCBD___B
霞重砲カムリムナ,LV4,320,0,2,やや速い,中,左右/小,防御:30,IIJDDcEEdBBBBaaCCECCBDCDCD___B
,LV5,350,0,3,やや速い,中,左右/小,防御:30,IJJEEcEEdBBBBaaCCEDCCDCDCD___B
テオ＝アーティレリ,LV1,210,5,0,やや遅い,中,右/大,,FFICCDCccBBBBaaBA________D____
,LV2,220,5,0,やや遅い,中,右/大,,GGIDDDCddBBBBaaBA________D____
テオ＝フランマルス,LV3,230,5,0,やや遅い,中,右/大,,HHIEEDDddBBBBaaBA________E____
テオ＝フランロンガ,LV4,320,10,0,やや遅い,中,右/大,,IIJFFEEddCCCBaaBA________F____
,LV5,350,10,0,やや遅い,中,右/大,,IJJGGFEddDDCBaaBA________F____
業重弩ファミン,LV1,220,-15,0,普通,中,左/大,,FEIcDDcDEaaaaAB________C_C___B
,LV2,230,-15,0,普通,中,左/大,,FEIcDDdDFaaaaAB________C_C___B
滅重弩ガジンファミン,LV3,240,-15,0,普通,中,左/大,,GEIdEDeEFaaaaAB________C_C___B
咎重弩スタブファミン,LV4,320,-15,0,普通,中,左/大,,HFJEFEeEFaaaaBC________C_C___B
,LV5,360,-15,0,普通,中,左/大,,IGKFGFeEFaaaaBC________C_C___C
覇砲ユプカムトルム,LV1,210,40,0,やや遅い,中,左/小,,DDEBCCBbbaAAaAA__________B___B
,LV2,210,40,0,やや遅い,中,左/小,,EEFBCCBbbaAAaAA__________C___B
覇轟砲クーネユプカム,LV3,220,40,0,やや遅い,中,左/小,,FEFCDCCccaAAaAA__________D___B
覇爆砲イクセユプカム,LV4,310,40,0,やや遅い,中,左/小,,GFFDDDDccaBBaBB__________D___B
,LV5,340,40,0,やや遅い,中,左/小,,GGFDEEDccaBBaBB__________D___B
崩砲バセカムルバス,LV1,240,-30,1,やや遅い,大,左右/小,防御:20,EFICCDCCdaaaBAA______BA___D_D_
,LV2,250,-30,1,やや遅い,大,左右/小,防御:20,FGICCDDDdaaaBAA______BA___D_D_
崩天砲バセカオンカム,LV3,260,-30,1,やや遅い,大,左右/小,防御:20,GHIDDEDDdaaaBAA______CB___E_D_
崩界砲バセカカムノミ,LV4,340,-30,2,やや遅い,大,左右/小,防御:20,HIJEDEEEdaaaCBA______CB___E_E_
,LV5,380,-30,2,やや遅い,大,左右/小,防御:20,HJJEEEFEdaaaCBA______CB___F_F_
凶刻【時雨】,LV1,210,-5,1,やや速い,やや小,なし,,GHIBBCbCcAAAaaa_B_B_A_A_B_CC__
,LV2,220,-5,1,やや速い,やや小,なし,,HHIBBCbCcAAAaaa_B_B_A_A_B_DD__
天嵐ノ刻【刻露清秀】,LV3,230,-5,1,やや速い,やや小,なし,,IHIBBCbCcAAAaaa_B_C_A_A_B_DD__
太虚ノ刻【鈞天】,LV4,320,-5,1,やや速い,やや小,なし,,IIJCCDbDcBBAaaa_B_C_B_B_B_EE__
,LV5,350,-5,2,やや速い,やや小,なし,,IJJCCDbEcCBAaaa_B_C_B_B_B_FF__
極星砲ヴィズィ,LV1,180,10,3,やや速い,小,なし,,FFHDEeeEeAAAaaAB___BA__BA____B
,LV2,190,10,3,やや速い,小,なし,,FFHDEeeEeBAAaaAB___CA__CA____B
悲哀ナル砲星ヴィズィ,LV3,200,15,3,やや速い,小,なし,,GGHEFffFeBBAaaAB___CA__CA____B
極星悲砲ヴィズガロア,LV4,290,15,3,やや速い,小,なし,,HHIEFffFeCBAaaAB___CA__CA____B
,LV5,320,20,3,やや速い,小,なし,,HHIFFffFeCBAaaAB___CA__CA____C
カオスウイング,LV1,210,10,0,やや遅い,中,なし,,EEFcCccCcaaaaaa__________CCCCB
,LV2,220,10,0,やや遅い,中,なし,,EEFcCccCcaaaaaa__________CCCCB
神滅弩アル・エリア,LV3,230,10,0,やや遅い,中,なし,,FFGcCccCcaaaaaa__________CCCCB
神滅重弩アル・アロア,LV4,320,15,0,やや遅い,中,なし,,GGHcDCcDCaaaaaa__________DDDDB
,LV5,350,15,0,やや遅い,中,なし,,HHIcEDcEDaaaaaa__________EDEEC
銀翼の重砲,LV1,180,0,1,極速,小,なし,,DFdBCcCCbAaaAaa______________B
龍星砲デビロッツ,LV2,190,0,1,極速,小,なし,,EFdBCcCCbAaaAaa______________B
赫醒砲ギルクロイツ,LV3,240,0,1,極速,小,なし,,FGdCCcDCbBaaAaa______________B
,LV4,270,0,1,極速,小,なし,,GGdCDcDDbBAaBAa______________C
,LV5,290,0,2,極速,小,なし,,GHdCDcDDbBAaBAa______________C
,LV6,310,0,2,極速,小,なし,,HHdDDcEDbCAaBAa______________C
エルダーキャノン,LV1,250,0,0,普通,中,なし,,GHIEDCdccAAaAaaBC____BA_____D_
サルビアキャノン,LV2,280,0,0,普通,中,なし,,HHJEEDdccBAaBaaBC____CA_____E_
フィロゾフキャノン,LV3,310,0,0,普通,中,なし,,IIKFEDeccBBaBaaBC____CB_____E_
潜壕砲モーテハプル,LV1,270,0,1,やや遅い,中,なし,防御:20,IJJDDdEeeaaaaaa__CBC___BB_E___
潜堀砲モーテハプラ,LV2,300,0,1,やや遅い,中,なし,防御:20,IKKEDdEeeaaaaaa__DBC___BB_F___
潜淵砲モーテハプスト,LV3,330,0,1,やや遅い,中,なし,防御:30,ILKEEdFeeaaaaaa__DBC___BB_F___
王牙砲【震雷】,LV1,290,20,2,普通,中,なし,,EGIDEcBCdbbbbbb____CB______E_C
真・王牙砲【天門】,LV2,310,20,2,普通,中,なし,,EHIDEcBCdbbbbbb____CB______E_C
ガオウ・クオバルデ,LV3,340,20,2,普通,中,なし,,EHJEFdBCDbbbbbb____DB______F_C
炎戈砲アグナバリスト,LV1,310,0,1,極遅,やや小,なし,防御:10,GHiEEDEEFcCCbbb__________E____
炎戈砲アグナコルピオ,LV2,330,0,1,極遅,やや小,なし,防御:20,GHiEEDEFFcCCbbb__________E____
焔戈砲アグナバレスト,LV3,350,0,1,極遅,やや小,なし,防御:20,GIiFEEFFFcCCccc__________F____
アモーレ＝アネッロ,LV1,290,0,2,やや遅い,やや小,左/大,,DCCcCDcEEBBBBBBB_CB__CB__C____
リーヴェ＝キアーヴェ,LV2,310,0,2,やや遅い,やや小,左/大,,EDCcCEcEFCBBCBBB_CB__CB__C____
リベラシオン＝アモル,LV3,330,0,2,やや遅い,やや小,左/大,,EECcDEcFFCCCCCCB_DC__DC__D____
フェイスorバトライル,LV1,290,-30,2,やや遅い,やや小,右/大,,EEEDCCCCCAAAAAABB__AA_________
セキュアorハザード,LV2,310,-30,2,やや遅い,やや小,右/大,,FEEDCCDDCBAABAABB__BA_________
ジェネシスorデマイズ,LV3,340,-30,2,やや遅い,やや小,右/大,,FFFEDDDDDBBBBBBBB__BB_________
砕光の極砲,LV1,310,0,1,普通,やや小,なし,,DDEdEECDDBBAAAAB_AA____AAC____
砕光のイラプシュライ,LV2,330,0,1,普通,やや小,なし,,EDEdEFDEEBBAAAAB_BA____BAC____
砕光極彩砲ミェブラク,LV3,360,0,1,普通,やや小,なし,,FEFdFFEEFCCBBBBB_BA____BAD____
老山龍砲,LV1,310,-10,1,極遅,小,なし,防御:10,FFIccCcbCaaAaaAB__A______CCC__
老山龍砲・覇,LV2,330,-10,1,極遅,小,なし,防御:10,FGJccDcbDaaBaaBB__B______DDD__
老山龍砲・真,LV3,360,-10,2,極遅,小,なし,防御:20,FHKccEcbEaaCaaCB__B______EEE__
宝砲の金属器,LV1,330,0,3,普通,やや小,なし,防御:60,CiiCffCffBaaaaa_______________
碑文の砲ハロエリス,LV2,340,0,3,普通,やや小,なし,防御:60,CjjCffCffBbbbaa_______________
真名ラーホルアクティ,LV3,350,0,3,普通,やや小,なし,防御:60,CllCggCggCccbbb_______________
ヴォルキャノン,LV1,300,0,3,やや遅い,大,左/大,,GHHcFEbccaBBaAAB_________B___B
ヴォルバスター,LV2,320,0,3,やや遅い,大,左/大,,HIIcFFbccaBBaAAB_________C___C
ヴォルブラスター,LV3,350,0,3,やや遅い,大,左/大,,IJJcGFcccaCCaBBB_________C___C
ディスティハーダ,LV1,320,-15,2,やや速い,中,なし,,HHJEEEbbbAAAAAAB_B_B_B_B_D_C__
ディスティアーレ,LV2,340,-15,2,やや速い,中,なし,,IIKEFEbbbBBBBAAB_B_B_B_B_D_C__
ディスティフェロース,LV3,370,-15,2,やや速い,中,なし,,IILFFFbbbCCCBBBB_B_B_B_B_D_D__
ミラアンセスレイヴ,LV1,290,0,1,普通,中,右/大,防御:20,HIHCCCCBBccccccB__B_B_B_BCCCCB
ミラアンセスオーニロ,LV2,310,0,1,普通,中,右/大,防御:20,HJICCCCBBccccccB__B_B_B_BCCDCC
ミラアンセスホールマ,LV3,340,0,1,普通,中,右/大,防御:20,IJJCCCCBBccccccB__B_B_B_BDDDDC
紅熊轟筒,LV1,90,0,0,普通,中,なし,,DCgBBbCCcaaaAaaA_A_A_A_A_A____
,LV2,100,0,0,普通,中,なし,,DCgBBbCCcaaaAaaA_A_A_A_A_A____
,LV3,110,0,0,普通,中,なし,,EDgBBbCCcaaaAaaA_A_A_A_A_A____
,LV4,130,0,0,普通,中,なし,,EEgBBbCCcaaaAaaA_A_A_A_A_B____
,LV5,140,0,0,普通,中,なし,,EEgBBbCCcaaaAaaB_B_A_A_A_B____
,LV6,170,0,0,普通,中,なし,,EEgBBbCCcaaaAaaB_B_A_A_B_B____
,LV7,180,0,0,普通,中,なし,,EFgCBbDCcaaaAaaB_B_B_B_B_B____
,LV8,190,0,0,普通,中,なし,,EFgCBbDCcaaaAaaB_B_B_B_B_C____
,LV9,200,0,0,普通,中,なし,,FFgDCbDCcaaaBaaB_B_B_B_B_D____
紅熊大轟筒【怪腕】,LV10,210,0,0,普通,中,なし,,GFgDCbDDcaaaBaaB_B_B_B_B_D____
万貫筒【紅兜】,LV11,240,0,0,普通,中,なし,,GGgDCbEECaaaBaaB_B_B_B_B_D____
,LV12,260,0,0,普通,中,なし,,HGgECbFEDaaaBaaB_B_B_B_B_D____
,LV13,280,0,0,普通,中,なし,,HHhEDbFFEBaaBaaB_B_B_B_B_E____
,LV14,300,0,0,普通,中,なし,,IHhEDbGFECaaBaaB_C_C_C_C_E____
,LV15,320,0,0,普通,中,なし,,IHhFEbGGFCaaBaaB_C_C_C_C_E____
エオストペンギーゴ,LV1,90,0,0,普通,中,なし,,DBfCCcccbaaaaaaB_____B____B_B_
,LV2,100,0,0,普通,中,なし,,DBfCCcccbaaaaaaB_____B____B_B_
,LV3,110,0,0,普通,中,なし,,DBfCCcccbaaaaaaB_____B____B_B_
,LV4,130,0,0,普通,中,なし,,ECfDCcccbaaaaaaB_____B____B_B_
,LV5,140,0,0,普通,中,なし,,EDfDDcccbaaaaaaB_____B____C_B_
,LV6,170,0,0,普通,中,なし,,EDfDDcccbaaaaaaB_____B____C_B_
,LV7,180,0,0,普通,中,なし,,FDfEDcccbaaaaaaB_____B____C_B_
,LV8,190,0,0,普通,中,なし,,FEfEEcccbaaaaaaB_____B____C_B_
,LV9,200,0,0,普通,中,なし,,FEfEEcccbaaaaaaB_____B____D_B_
エオストペングルス,LV10,210,0,0,普通,中,なし,,GFfEEcccbaaaaaaB_____B____D_B_
黒兎雪砲ペンゲロスト,LV11,240,0,0,普通,中,なし,,HFFFEcccbaaaaaaB_____C____D_C_
,LV12,260,0,0,普通,中,なし,,HGFFFcccbaaaaaaB_____C____E_D_
,LV13,280,0,0,普通,中,なし,,IGGFFcccbaaaaaaB_____C____E_E_
,LV14,300,0,0,普通,中,なし,,IHGGFcccbaaaaaaB_____C____F_E_
,LV15,320,0,0,普通,中,なし,,IHHGGcccbaaaaaaB_____C____F_F_
ウィルガバスター,LV1,90,0,0,やや遅い,中,なし,,CBBCCCCbbbaaaAaB_AA__A____B_B_
,LV2,100,0,0,やや遅い,中,なし,,DBCDDCCbbbaaaAaB_AA__A____B_B_
,LV3,110,0,0,やや遅い,中,なし,,DCDDDDCbbbaaaAaB_AA__A____B_B_
,LV4,130,0,0,やや遅い,中,なし,,DDDEDDCbbbaaaAaB_BA__B____B_B_
,LV5,140,0,0,やや遅い,中,なし,,EDDEDDCbbbaaaAaB_BA__BA___B_B_
,LV6,170,0,0,やや遅い,中,なし,,EDDEDDCbbbaaaAaB_BA__BA___B_B_
,LV7,180,0,0,やや遅い,中,なし,,EEEEDDCbbbaaaAaB_BA__BA___B_B_
,LV8,190,0,0,やや遅い,中,なし,,FEFEDDCbbbaaaAaB_BA__BA___B_B_
,LV9,200,0,0,やや遅い,中,なし,,GEGEDDDbbbaaaAaB_BA__BA___C_C_
黒甲ウィルガバスター,LV10,210,0,0,やや遅い,中,なし,,GFHFEDDbbbaaaBaB_BB__BB___C_D_
ウィルギガンバスター,LV11,240,0,0,やや遅い,中,なし,,GGHFEDEbbbaaaBaB_CB__CB___D_D_
,LV12,260,0,0,やや遅い,中,なし,,HGIFFEEbbbaaaBaB_CB__CB___D_D_
,LV13,280,0,0,やや遅い,中,なし,,HHIGFEFbbbaaaBaB_CB__CB___E_D_
,LV14,300,0,0,やや遅い,中,なし,,IHIGFFFbbbaaaBaB_CB__CB___E_E_
,LV15,320,0,0,やや遅い,中,なし,,IIJGGFGbbbaaaBaB_CB__CB___F_E_
紫毒姫竜砲,LV1,90,0,0,やや遅い,中,なし,,DDEBBcBCcaaaAAaB_BA______B____
,LV2,100,0,0,やや遅い,中,なし,,EDECCcCCcaaaAAaB_BA______B____
,LV3,110,0,0,やや遅い,中,なし,,EEECCcCDcaaaAAaB_BA______C____
,LV4,130,0,0,やや遅い,中,なし,,EEECCcCDcaaaAAaB_BA______C____
,LV5,140,0,0,やや遅い,中,なし,,EEECCcCDcaaaAAaB_BA______C____
,LV6,160,0,0,やや遅い,中,なし,,EEFCCcCDcaaaAAaB_BA______C____
,LV7,170,0,0,やや遅い,中,なし,,FEFDCcCDcaaaAAaB_BA______C____
,LV8,180,0,0,やや遅い,中,なし,,FFFDDcDDcaaaAAaB_BA______C____
,LV9,190,0,0,やや遅い,中,なし,,FFGEDcDDcaaaAAaB_BA______D____
紫毒姫竜砲【華撃】,LV10,200,0,0,やや遅い,中,なし,,GFHEEcEDcaaaABaB_BB______D____
紫毒姫竜砲【輝華撃】,LV11,230,0,0,やや遅い,中,なし,,GGIEEcEEcaaaBBaB_CB______D____
,LV12,250,0,0,やや遅い,中,なし,,GGIFEcFEcaaaBBaB_CC______D____
,LV13,270,0,0,やや遅い,中,なし,,HHJFFcFEcaaaBBaB_DC______E____
,LV14,290,0,0,やや遅い,中,なし,,HHJFFcGFcaaaCBBB_DC______E____
,LV15,310,0,0,やや遅い,中,なし,,IIKGGcGFcaaaCBBB_DD______E____
黒縄鬼砲,LV1,120,0,0,普通,中,なし,,CCeCccCCdaaaAaaB_______A____B_
,LV2,130,0,0,普通,中,なし,,CCeCccCDdaaaAaaB_______A____B_
,LV3,140,0,0,普通,中,なし,,CDeCccDDdaaaAaaB_______A____B_
,LV4,150,0,0,普通,中,なし,,CDeDccDEdaaaAaaB_______A____B_
,LV5,190,0,0,普通,中,なし,,DDeDccDEdaaaAaaB_______A____B_
,LV6,190,0,0,普通,中,なし,,EDeDccDEdaaaAaaB_______A____B_
,LV7,200,0,0,普通,中,なし,,EDeEccDEdaaaAaaB_______B____B_
,LV8,200,0,0,普通,中,なし,,EEeEccDEdaaaBaaB_______B____B_
,LV9,210,0,0,普通,中,なし,,FFeEccDEdaaaBaaB_______B____C_
黒縄鬼砲【注連】,LV10,210,0,0,普通,中,なし,,GFeFccEEdaaaBaaB_______B____D_
黒縄鬼砲【章断】,LV11,240,0,0,普通,中,なし,,GGeFccEFdaaaCAaB_______B____D_
,LV12,260,0,0,普通,中,なし,,HGeFccFFdaaaCBaB_______B____D_
,LV13,280,0,0,普通,中,なし,,HGEFccFGdaaaCBAB_______B____D_
,LV14,300,0,0,普通,中,なし,,IHFGccGGdaaaCCAB_______B____D_
,LV15,320,0,0,普通,中,なし,,IHGGccGGdaaaCCBB_______B____D_
ラファガスナイパー,LV1,170,20,0,やや速い,やや小,なし,,DDfDDdccbAaabaaA______________
,LV2,170,30,0,やや速い,やや小,なし,,EDfEDdccbAaabaaA______________
,LV3,180,20,0,やや速い,やや小,なし,,EEfEEdccbAaabaaA______________
,LV4,180,30,0,やや速い,やや小,なし,,EEfEEdccbAaabaaA______________
,LV5,190,20,0,やや速い,やや小,なし,,FEfEEdccbAaabaaB______________
,LV6,190,30,0,やや速い,やや小,なし,,FEfFEdccbAaabaaB______________
,LV7,200,20,0,やや速い,やや小,なし,,FFfFEdccbAaabaaB______________
,LV8,200,30,0,やや速い,やや小,なし,,FFfFFdccbBaabaaB______________
,LV9,210,20,0,やや速い,やや小,なし,,GGfFFdccbBaabaaB______________
暁砲【瑞風】,LV10,210,30,0,やや速い,やや小,なし,,HGfGFdccbBaabaaB______________
曙光砲【凱風】,LV11,240,30,0,やや速い,やや小,なし,,HGfGFDccbBaabaaB______________
,LV12,260,30,0,やや速い,やや小,なし,,HHfGFEccbCaabaaB______________
,LV13,280,30,0,やや速い,やや小,なし,,IHfGGEccbCaabaaB______________
,LV14,300,30,0,やや速い,やや小,なし,,IHfGGFccbCaabaaB______________
,LV15,320,30,0,やや速い,やや小,なし,,IIfGGFccbCaabaaB______________
グロボ＝ショット,LV1,180,-20,0,やや速い,やや小,なし,,EEedCccccAaabaaA__A______B__CA
,LV2,180,-10,0,やや速い,やや小,なし,,FEedCccccAaabaaA__A______B__CA
,LV3,190,-20,0,やや速い,やや小,なし,,FEfdCccccAaabaaA__A______B__CA
,LV4,190,-10,0,やや速い,やや小,なし,,FEfdCccccAaabaaA__A______B__CA
,LV5,200,-20,0,やや速い,やや小,なし,,FEgdCccccAaabaaB__A______B__CA
,LV6,200,-10,0,やや速い,やや小,なし,,GFhdCcccdAaabaaB__A______B__CA
,LV7,210,-20,0,やや速い,やや小,なし,,GFhdCcccdAaabaaB__A______B__CA
,LV8,210,-10,0,やや速い,やや小,なし,,HFidCdccdAaabaaB__A______C__CA
,LV9,220,-20,0,やや速い,やや小,なし,,HGidCdcceAaabaaB__B______C__CB
グロボ＝バールゼタ,LV10,220,-10,0,やや速い,やや小,なし,,IHidCecceAabbaaB__B______C__CB
バール＝デアマンテ,LV11,250,-10,0,やや速い,やや小,なし,,IIIdDecceBabbaaB__C__B___D__CB
,LV12,270,-10,0,やや速い,やや小,なし,,IIJdDecceBabbaaB__C__B___D__CB
,LV13,290,-10,0,やや速い,やや小,なし,,IJKdDecceCBbbaaB__C__C___E__CC
,LV14,310,-10,0,やや速い,やや小,なし,,IKKdEecceCBbbaaB__C__C___E__CC
,LV15,330,-10,0,やや速い,やや小,なし,,IKLdEecceCBbbaaB__C__C___E__CC
カホウ【禍】,LV1,160,0,0,やや遅い,中,なし,,EEECCCCCCAAAAAABBAA______C____
,LV2,170,0,0,やや遅い,中,なし,,FEECCCCCCAAAAAABBAA______C____
,LV3,180,0,0,やや遅い,中,なし,,GEFCCCDCCAAAAAABBAA______C____
,LV4,190,0,0,やや遅い,中,なし,,GFFCCCDDCAAAAAABBAA______C____
,LV5,200,0,0,やや遅い,中,なし,,GFGCCCDDCBAAAAABBAB______C____
,LV6,200,0,0,やや遅い,中,なし,,GFGDCCDDCBAAAAABBAB______C____
,LV7,210,0,0,やや遅い,中,なし,,GGGDCCDDCBAAAAABBAB______C____
,LV8,210,0,0,やや遅い,中,なし,,HGGDCCDDDBAAAAABBAB______D____
,LV9,210,0,0,やや遅い,中,なし,,HGHDDCDDDBAAAAABBBB______D____
隻眼公のカホウ,LV10,210,0,0,やや遅い,中,なし,,HGIDDCEDDBBABAABBBB______E____
隻眼火砲【災】,LV11,240,0,0,やや遅い,中,なし,,HHIDDCEDDBBABAABBBC______E____
,LV12,260,0,0,やや遅い,中,なし,,HHJDECEEDCBABAABBCC______E____
,LV13,280,0,0,やや遅い,中,なし,,IHJEECFEDCBABAABBCC______E____
,LV14,290,0,0,やや遅い,中,なし,,IIKEEDFEECBBBBABBCC______F____
,LV15,330,0,0,やや遅い,中,なし,,IIKEEDFEECCBBBABBCC______F____
金狼砲ライド,LV1,160,10,0,普通,中,なし,,EEhCCcCCdbaabaa____AA______B__
,LV2,170,10,0,普通,中,なし,,FEhCCcCCdbaabaa____AA______B__
,LV3,180,10,0,普通,中,なし,,FFhCCcCDdbaabaa____AA______B__
,LV4,190,10,0,普通,中,なし,,FFhCCcCDdbaabaa____AA______C__
,LV5,200,10,0,普通,中,なし,,GFhCCcCDdbaabaa____BA______C__
,LV6,200,20,0,普通,中,なし,,GFhCCcCDdbaabaa____BA______C__
,LV7,210,10,0,普通,中,なし,,GGhDCcDDdbaabaa____BB______C__
,LV8,210,20,0,普通,中,なし,,GGhDCcDDdbaabaa____BB______C__
,LV9,220,10,0,普通,中,なし,,HGhDCcEDdbaabaa____BB______D__
金狼牙砲【山雷】,LV10,220,20,0,普通,中,なし,,IHhDCcEDdbaabaa____BB______D__
極・金狼牙砲【猛】,LV11,250,20,0,普通,中,なし,,IHhEDCEEdbaabaa____CB______D__
,LV12,270,20,0,普通,中,なし,,IIhEDDEEdbaabaa____CC______E__
,LV13,290,20,0,普通,中,なし,,IIhFDDEEdbaabaa____CC______E__
,LV14,310,20,0,普通,中,なし,,IJhFEDEFdbaabaa____DC______F__
,LV15,330,20,0,普通,中,なし,,IJhGEEFFdbaabaa____DC______F__
ルドラハウル,LV1,180,-20,0,やや遅い,大,右/大,,DDDedCddCAAAAAa_____________BA
,LV2,180,-10,0,やや遅い,大,右/大,,DDEedDddDAAAAAa_____________BA
,LV3,190,-20,0,やや遅い,大,右/大,,EDFedDddDAAAAAa_____________CA
,LV4,190,-10,0,やや遅い,大,右/大,,EDFedDddDAAAAAa_____________CA
,LV5,200,-20,0,やや遅い,大,右/大,,FDFedDddDAAAAAa_____________CA
,LV6,200,-10,0,やや遅い,大,右/大,,FDGedDddDAAAAAa_____________CA
,LV7,210,-20,0,やや遅い,大,右/大,,FEGedDddDBAAAAa_____________CA
,LV8,210,-10,0,やや遅い,大,右/大,,FEGedDddDBBABAa_____________CA
,LV9,220,-20,0,やや遅い,大,右/大,,GEHedEddDBBABAa_____________DB
鉤爪砲【荒虎頭】,LV10,220,-10,0,やや遅い,大,右/大,,HFHedEddDBBBBBa_____________DB
荒鉤爪砲ＨＯＷＬ,LV11,250,-10,0,やや遅い,大,右/大,,HFIedEddDCBBBBa_____________DB
,LV12,270,-10,0,やや遅い,大,右/大,,HGIedEddDCCBCBa_____________DB
,LV13,290,-10,0,やや遅い,大,右/大,,IGIedEddDDDCCBa_____________DB
,LV14,310,-10,0,やや遅い,大,右/大,,IHIedEddDDECCCa_____________DB
,LV15,330,-10,0,やや遅い,大,右/大,,IHJedEddDEECCCa_____________DB
爆焔のイグナー,LV1,180,0,0,やや遅い,中,なし,,EDECCDCCCAAAAaaAA________C____
,LV2,190,0,0,やや遅い,中,なし,,FEFCDDCCCAAAAaaAA________C____
,LV3,200,0,0,やや遅い,中,なし,,FEFDDDDDCAAAAaaAA________C____
,LV4,200,0,0,やや遅い,中,なし,,FEFDDEEDDAAAAaaAA________C____
,LV5,210,0,0,やや遅い,中,なし,,FEGDDEEDDAAAAaaBB________C____
,LV6,210,0,0,やや遅い,中,なし,,GEGDDEEDDAAAAaaBB________C____
,LV7,220,0,0,やや遅い,中,なし,,GEGEDEEDDAAAAaaBB________C____
,LV8,220,0,0,やや遅い,中,なし,,HFGEEEEEDAAAAaaBB________D____
,LV9,230,0,0,やや遅い,中,なし,,HGHEEEEEDAAAAaaBB________D____
燼滅砲エクリクス,LV10,230,0,0,やや遅い,中,なし,,IGIFFFEEDAAAAaaBB________E____
真滅砲エクリクノヴァ,LV11,260,0,0,やや遅い,中,なし,,IGIFFFFEEBBABAaBB________E____
,LV12,280,0,0,やや遅い,中,なし,,IHIFFFFEEBBBBAaBB________F____
,LV13,300,0,0,やや遅い,中,なし,,IHIGFFFFECBBCBaBB________F____
,LV14,320,0,0,やや遅い,中,なし,,IIIGGFGFFCCBCBaBB________G____
,LV15,340,0,0,やや遅い,中,なし,,IIIGGGGGFCCBCBaBB________G____
ウルヴァクルラ,LV1,260,0,0,やや遅い,やや小,左右/小,,FFGcDcdDEaaaAAaCBBABACBBA_____
,LV2,270,0,0,やや遅い,やや小,左右/小,,FGHcDcdEEaaaAAaCBBABACBBA_____
朧砲侯爵コシュマル,LV3,290,0,0,やや遅い,やや小,左右/小,,GHHcEcdEFaaaAAaCBCACADCCA_____
朧砲大侯ゲンコシュマ,LV4,300,0,0,やや遅い,やや小,左右/小,,GHIcEcdFFaaaBAaCBCBCBDCCB_____
,LV5,330,0,0,やや遅い,やや小,左右/小,,HIIcEcdGFaaaBAaCBCBCBDCCB_____
ヨロイザキピアース,LV1,270,10,0,普通,中,なし,,GFIfDDdCBAAaAAaCCB___B____D___
,LV2,280,10,0,普通,中,なし,,GGJfEDdCCAAaAAaCCB___B____D___
ミダレ・ウチヌキ,LV3,300,10,0,普通,中,なし,,HGJfEEdCCBAaBAaCCC___C____E___
鎧裂砲ドウチヌキ,LV4,310,10,0,普通,中,なし,,HHKfEEdDCBAaBAaCCC___C____E___
,LV5,330,10,0,普通,中,なし,,IIKfFFdDCBAaBAaCCC___C____F___
天眼重砲・秋風冽冽,LV1,270,0,0,やや速い,やや小,なし,,FFGEEDDccaAaaaaB_______BB_D___
,LV2,280,0,0,やや速い,やや小,なし,,GFGFEEEccaAaaaaB_______CB_D___
ちはやふる神筒の紅姫,LV3,290,0,0,やや速い,やや小,なし,,GGGFFEEccaBAaaaB_______CC_E___
ちはやふる神山入輿砲,LV4,310,0,0,やや速い,やや小,なし,,HHHGFFEccaBBaaaB_______CC_E___
,LV5,320,0,0,やや速い,やや小,なし,,IHHGGGFccaCBaaaB_______DC_F___
青電竜砲【急撃】,LV1,260,20,0,普通,中,なし,,FEGEEFdDdAaaaaaB___CB______E__
,LV2,270,20,0,普通,中,なし,,GEGFEFdDdAaaaaaB___CB______F__
青電竜砲【猛撃】,LV3,280,20,0,普通,中,なし,,GFHFFGdEdAaaaaaB___CC______F__
青電竜大砲【襲撃】,LV4,290,20,0,普通,中,なし,,GGHGFGdEdBaaaaaB___DC______G__
,LV5,310,20,0,普通,中,なし,,HGIGGGdEdBaaaaaB___DC______G__
銀嶺砲,LV1,310,0,0,極遅,中,なし,防御:20,FGGeFeEEEbBbCBBBA____CB_____E_
,LV2,320,0,0,極遅,中,なし,防御:20,GHHeFeFEEbBbCBBBA____CB_____E_
銀嶺撃バホォン,LV3,330,0,0,極遅,中,なし,防御:20,GIIeFeFEFbBbCCBBA____CC_____F_
爆砲遠王の大命中,LV4,340,0,0,極遅,中,なし,防御:20,HJIeFeGFFbCbCCBBA____CC_____F_
,LV5,350,0,0,極遅,中,なし,防御:20,IJJeFeGGFbCbCCBBA____CC_____G_
マサクルスタッブ,LV1,320,-20,0,極遅,中,左/大,,BCDDDDBCcAaaaaa________BA_____
,LV2,330,-20,0,極遅,中,左/大,,CCDDEDBCcBaaaaa________BA_____
マサクルスタッブダム,LV3,340,-20,0,極遅,中,左/大,,DDEDEECCdBaaaaa________CA_____
鏖砲イヴァン,LV4,350,-20,0,極遅,中,左/大,,DDEDFECDdBAaaaa________CB_____
,LV5,360,-20,0,極遅,中,左/大,,EEFEFFDDdCAaaaa________CB_____