ベルダーバレット,LV1,80,0,0,普通,中,なし,,DCDCCccbbaaaaaaB_____B______C_
,LV2,90,0,0,普通,中,なし,,DDECCccbbAaaaaaB_____B______C_
,LV3,100,0,0,普通,中,なし,,EEFCCccbbAaaaaaB_____B______C_
,LV4,110,0,0,普通,中,なし,,EEFDDccbbAaaaaaB_____B______C_
,LV5,130,0,0,普通,中,なし,,EEFDDccbbBaaaaaB_____C______D_
,LV6,150,0,0,普通,中,なし,,FFGDDcdccBaaaaaB_____CA_____D_
,LV7,190,0,0,普通,中,なし,,FFGEEcdccBaaaaaB_____CA_____D_
サージュバレット,LV8,210,0,0,普通,中,なし,,FFGEECdccBaaaaaB_____CA_____D_
ソフォスバレット,LV9,250,0,1,普通,中,なし,,GGGFECdccBaaaaaB_____CA_____E_
,LV10,290,0,2,普通,中,なし,,HGGFFCdccBaaaaaB_____CA_____E_
,LV11,330,0,3,普通,中,なし,,HGGFFDdccBaaaaaB_____CA_____E_
ハンターライフル,LV1,70,0,0,普通,やや小,なし,,DDECccCccbaaaaaB_______B__C___
,LV2,80,0,0,普通,やや小,なし,,DDECccCccbaaaaaB_______B__C___
,LV3,110,0,0,普通,やや小,なし,,EEFCccCccbaaaaaB_A_____B__CC__
,LV4,120,0,0,普通,やや小,なし,,EEFCccCccbaabaaB_A_____B__CC__
,LV5,140,0,0,普通,やや小,なし,,EEFDccDccbaabaaB_B_____C__DD__
,LV6,170,0,0,普通,やや小,なし,,FFGDCcDCcbaabaaB_B_____CA_DD__
,LV7,200,0,0,普通,やや小,なし,,FFGDCcDCcbaabaaB_CA____CA_DD__
スナイプシューター,LV8,200,0,0,普通,やや小,なし,,FFGDCcDCcbaabaaB_CA____CA_DD__
デヴァイドスナイパー,LV9,230,10,0,普通,やや小,なし,,GFGECcECcbaabaaB_CA____CB_EE__
,LV10,260,10,0,普通,やや小,なし,,GGGEDcECcbaabaaB_CA____DB_EE__
,LV11,320,20,0,普通,やや小,なし,,HGGFEdECcbaabaaB_CA____DB_EE__
クロスボウガン,LV1,80,0,0,普通,大,なし,,DCDcccCccaaaAaaB___B_____C____
,LV2,90,0,0,普通,大,なし,,DDEcccCccaaaAaaB___B_____C____
,LV3,100,0,0,普通,大,なし,,EEFcccDddaaaAaaB___B_____C____
,LV4,110,0,0,普通,大,なし,,EEFcccDddaaaAaaB___B_____C____
,LV5,130,0,0,普通,大,なし,,EEFcccEDdaaaAaaB___C_____D____
,LV6,150,0,0,普通,大,なし,,FFGDdcEDdaaaAaaB___CA____D____
,LV7,200,0,0,普通,大,なし,,FFGDDcFEDaaaAAaB___CA____D____
クロスブリッツ,LV8,220,0,0,普通,大,なし,,FFGDDCFEDaaaAAAB___CA____D____
クロスブリッツァ,LV9,250,0,1,普通,大,なし,,GFGDDCGFDaaaBAAB___CA____E____
,LV10,280,0,1,普通,大,なし,,GGGEDCGGDaaaBBAB___DA____E____
,LV11,340,0,1,普通,大,なし,,HGHEEDHHFaaaCBAB___DA____E____
ショットボウガン・白,LV1,90,10,0,普通,中,なし,防御:10,EFfBbbDEeAaaAaaBA____BA_____C_
,LV2,110,10,0,普通,中,なし,防御:10,EFfCbbDEeAaaAaaBA____BA_____C_
,LV3,120,10,0,普通,中,なし,防御:10,FGgCbbDEeAaaAaaBA____BA_____C_
,LV4,150,10,0,普通,中,なし,防御:10,GHhDccEFfBbbAaaBA____CA_____D_
,LV5,160,10,0,普通,中,なし,防御:10,HIiEddEFfBbbAaaBA____CA_____D_
バレットシャワー・白,LV6,200,10,0,普通,中,なし,防御:10,IIiEddEFfBbbAaaBA____CA_____D_
レインバレッツ・白,LV7,230,15,0,普通,中,なし,防御:15,IJiFddFFfBbbAaaBA____CA_____E_
,LV8,310,15,0,普通,中,なし,防御:15,IKjFddGGfBbbAaaBA____CA_____E_
ストライプシェル,LV1,100,0,0,やや遅い,やや小,左/小,防御:10,FEgcccDDdaaaAaaB__________CC__
,LV2,110,0,0,やや遅い,やや小,左/小,防御:10,FEgcccDEdaaaAaaB__________CC__
,LV3,140,0,0,やや遅い,やや小,左/小,防御:20,FEgcccDFdaaaAaaB__________CC__
,LV4,170,0,0,やや遅い,やや小,左/小,防御:20,GFHdccDFDbaaAAaB__________CC__
蟹甲弩ラーバルザザミ,LV5,200,0,0,やや遅い,やや小,左/小,防御:30,GFHdccDFEbaaAAaB__________CC__
蟹殻弩エルバンザザミ,LV6,230,0,0,やや遅い,やや小,左/小,防御:35,GGHdccEFFbaaAAaB__________DD__
,LV7,320,0,0,やや遅い,やや小,左/小,防御:35,HGHdccEFFbaaAAaB__________DD__
クゥイルバースト,LV1,100,0,0,普通,やや小,なし,,DEbBCccccabbaaa__________C____
,LV2,110,0,0,普通,やや小,なし,,DEbBCccccabbaaa__________C____
,LV3,150,0,0,普通,やや小,なし,,EFbCDCdddAbbaaa____C_____D____
,LV4,170,0,0,普通,やや小,なし,,EFBCDCdddBbbaaa____C_____D____
,LV5,200,0,0,普通,やや小,なし,,EFCCFDdddBBbaaa____CA____D____
キングルバースト,LV6,210,0,0,普通,やや小,なし,,EFCCFEdddBBBaaa____CA____D____
ヴェルデュアキングル,LV7,240,0,1,普通,やや小,なし,,FFDDGEdddCBBaaa____CA____D____
,LV8,270,0,1,普通,やや小,なし,,FFEEGEdddCBBaaa____CA____D____
,LV9,320,0,1,普通,やや小,なし,,FFEEGEdddCBBaaa____CA____D____
クックアンガ―,LV1,120,0,0,やや遅い,中,なし,防御:8,HHFcBbcCcbAaaAa__CA___________
,LV2,130,0,0,やや遅い,中,なし,防御:8,IHFdCccCcbAaaAa__CA___________
,LV3,140,0,0,やや遅い,中,なし,防御:8,IIFeDdcCcbAaaAa__DA___________
,LV4,170,0,0,やや遅い,中,なし,防御:10,IIGfEedDdbBbaAa__DB___________
,LV5,190,0,0,やや遅い,中,なし,防御:10,IIGfFfdDdbBbbBb__DB___________
クックカウンター,LV6,200,0,0,やや遅い,中,なし,防御:12,IIGfFfeEebBbbBb__DB___________
クックリベンジャー,LV7,230,0,0,やや遅い,中,なし,防御:15,IJHfFfeEebBbbBb__DB______D____
,LV8,320,0,0,やや遅い,中,なし,防御:15,IJHfGfeFebBbbBb__DB______D____
ユクモノ弩,LV1,110,0,0,普通,中,なし,,DEdCbbBccAaaaaaB_B___B_B______
,LV2,120,0,0,普通,中,なし,,EEeCbbBccAaaaaaB_B___B_B______
,LV3,140,0,0,普通,中,なし,,EEeCbbBccAaaaaaB_B___B_B______
,LV4,180,0,0,普通,中,なし,,FFfDccCddBbaaaaB_C___C_C______
ユクモノバレット,LV5,200,0,0,普通,中,なし,,GFgDccCddBbaaaaB_C___C_C______
ユアガリバレット,LV6,230,0,2,普通,中,なし,,HFgEccCddBbaaaaB_D___D_D______
,LV7,280,0,2,普通,中,なし,,HGgEccCddBbaaaaB_D___D_D______
,LV8,320,0,3,普通,中,なし,,HGgEccCddBbaaaaB_D___D_D______
ヤクトバレット,LV1,140,10,0,普通,中,なし,,EFFdddEDdaaaAaaB___CA____D____
,LV2,150,10,0,普通,中,なし,,EFGdddFDdaaaAaaB___CA____D____
,LV3,190,10,1,普通,中,なし,,FFHeddFEDbbbAAaB___CA____D____
咬弾チェイサー,LV4,210,10,1,普通,中,なし,,FFHeddFEDbbbAAAB___CA____D____
追襲の黒銃,LV5,270,15,2,普通,中,なし,,GGHeddGFEbbbBAAB___CA____E____
,LV6,330,15,2,普通,中,なし,,GHIeddHFFbbbCBBB___CB____E____
ショットボウガン・蛇,LV1,130,0,0,やや遅い,やや小,なし,,EDECCcDDdaaaaaaBAB____________
,LV2,150,0,0,やや遅い,やや小,なし,,EDECCcDDdaaaaaaBAB____________
,LV3,180,0,0,やや遅い,やや小,なし,,FEFDDdEEeaaaaaaBABA___________
バレットシャワー・蛇,LV4,200,0,0,やや遅い,やや小,なし,,FEFDDdEEeaaaaaaBABA___________
レインバレッツ・蛇,LV5,260,0,0,やや遅い,やや小,なし,,GFFEDdFFeaaaaaaBACB___________
,LV6,320,0,0,やや遅い,やや小,なし,,GFGEEdGFeaaaaaaBACB___________
ウロコトルネード,LV1,130,0,0,やや遅い,中,右/小,,EDEbcdDdcaBaaaaB_________D____
,LV2,150,0,0,やや遅い,中,右/小,,FDFcddDDcaBaaaaB_________D____
,LV3,180,0,0,やや遅い,中,右/小,,GEGdedEDCaBaaAaB_________D____
溶岩弩ウログルト,LV4,200,0,0,やや遅い,中,右/小,,HEHefdFECaBaaAaB_________D____
熔山弩ウログルトヘル,LV5,260,0,1,やや遅い,中,右/小,,HFHefdGEDaBaaAaB_________E____
,LV6,320,0,1,やや遅い,中,右/小,,IFHefdGFDaBaaAaB_________E____
フルットシリンジ,LV1,120,0,0,極速,中,なし,,GFFCCcCccBBaaaaBC__CACA____B__
,LV2,140,0,0,極速,中,なし,,GFFDCcCccBBaaaaBC__CACA____B__
,LV3,160,0,0,極速,中,なし,,HGGDDdDddBBaaaaBC__CBCB____D__
,LV4,200,0,0,極速,中,なし,,HGGEDdDddBBaaaaBC__CBCB____D__
フルーミィシリンジ,LV5,210,0,0,極速,中,なし,,HHHFEeEeeBBaaaaBC__CBCB____D__
サディフルシリンジ,LV6,270,0,1,極速,中,なし,,HHHGFeEeeBBaaaaBC__CBCB____E__
,LV7,330,0,1,極速,中,なし,,HHHGFeEeeBBaaaaBC__CBCB____E__
ロアルスリング,LV1,120,0,0,普通,中,なし,防御:10,DDDBbcEddaaaaaaC______A___C___
,LV2,140,0,0,普通,中,なし,防御:10,EDECccFeeaaaaaaC______A___C___
,LV3,150,0,0,普通,中,なし,防御:15,FDFDddFeeaaaaaaC______A___C___
,LV4,190,0,0,普通,中,なし,防御:15,GEGEedFffaaaaaaC______B___C___
ロアルストリーム,LV5,200,0,0,普通,中,なし,防御:15,HEHFfdFffaaaaaaC______B___C___
ロアルフォール,LV6,230,0,1,普通,中,なし,防御:20,HFHFfdFffaaaaaaC______B___D___
,LV7,260,0,1,普通,中,なし,防御:20,HGHFfdFffaaaaaaC______B___D___
,LV8,320,0,1,普通,中,なし,防御:20,IHHFfdFffaaaaaaC______B___E___
テイルストリング,LV1,130,0,0,普通,中,なし,,IIiCBbDddbaaaaaCC____CA_____D_
,LV2,160,0,0,普通,中,なし,,IIiCBbDddbaaaaaCC____CA_____D_
,LV3,170,0,0,普通,中,なし,,IIIDCcEeebaaaaaCC____DB_____E_
,LV4,190,0,0,普通,中,なし,,IIIDCcEeebaaaaaCC____DB_____E_
テイルカタパルト,LV5,200,0,0,普通,中,なし,,IIIDCcEeebaaaaaCC____DB_____E_
テイルランチャー,LV6,260,0,0,普通,中,なし,,IJIEDcFeebaaaaaCC____DB_____F_
,LV7,320,0,0,普通,中,なし,,IKJEDdFeebaaaaaCC____DB_____F_
ヒドゥンゲイズ,LV1,120,40,1,やや速い,中,なし,,DDeCCFcccbaabaa____B___BA_____
,LV2,130,40,1,やや速い,中,なし,,EEfDDFcccbaabaa____B___BA_____
,LV3,140,40,1,やや速い,中,なし,,EEfDEFdddbaabaa____C___BA_____
,LV4,150,40,1,やや速い,中,なし,,FFgDFFdddbaabaa____CA__CB_____
夜行弩【梟ノ眼】,LV5,190,40,1,やや速い,中,なし,,GFhDFFdddbaabaa____CB__CB_____
無明弩【正業】,LV6,240,40,2,やや速い,中,なし,,GGhEFGdddbaabaa____CB__CB_____
,LV7,270,40,2,やや速い,中,なし,,HGhFFGdddbaabaa____CB__CB_____
,LV8,300,40,2,やや速い,中,なし,,HGhFGGdddbaabaa____CB__CB_____
鬼ヶ島,LV1,130,0,1,普通,やや小,なし,,FCGbbBbcCCCCCCCBA__BABACBC___B
,LV2,150,0,1,普通,やや小,なし,,FCGbbBbcCCCCCCCBA__BABACBC___B
,LV3,160,0,1,普通,やや小,なし,,GDHbbCbcDCCCCCCBA__BABACBD___B
,LV4,190,0,1,普通,やや小,なし,,GDHbbCbcDCCCCCCBA__BABACBD___B
大鬼ヶ島,LV5,200,0,1,普通,やや小,なし,,GDHbbCbcDCCCCCCBA__BABACBD___B
超鬼ヶ島,LV6,230,0,2,普通,やや小,なし,,HEHbbCbcECCCCCCBA__BABACBE___B
,LV7,260,0,2,普通,やや小,なし,,HEHbbDbcECCCCCCBA__BABACBE___B
,LV8,320,0,2,普通,やや小,なし,,HEHbbDbcECCCCCCBA__BABACBE___C
アイルーラグドール,LV1,120,0,3,極速,中,左/大,,CEGCccDddAAAaaaCCBABABA__D____
,LV2,130,0,3,極速,中,左/大,,CEHCccDddAAAaaaCCBABABA__D____
,LV3,140,0,3,極速,中,左/大,,DEHCccDddAAAaaaCCBABABA__D____
,LV4,170,0,3,極速,中,左/大,,EEHCccDddBBBbbbCCCACACA__E____
アイルーヘルドール,LV5,190,0,3,極速,中,左/大,,FEICccDddBBBbbbCCCACACA__F____
アイルーヘブンドール,LV6,250,0,3,極速,中,左/大,,GGIEccDddBBBbbbCCDBCACA__F____
,LV7,310,0,3,極速,中,左/大,,HGJEccDddBBBbbbCCDBCACA__F____
メラルーラグドール,LV1,120,30,0,極速,中,右/大,,CEGCccDddAAAaaaCCBABABA__D____
,LV2,130,30,0,極速,中,右/大,,CEHCccDddAAAaaaCCBABABA__D____
,LV3,150,30,0,極速,中,右/大,,EEHCccDddBBBbbbCCCACACA__E____
,LV4,180,30,0,極速,中,右/大,,EEHCccDddBBBbbbCCCACACA__E____
メラルーヘルドール,LV5,190,30,0,極速,中,右/大,,FEICccDddBBBbbbCCCACACA__F____
メラルーヘブンドール,LV6,250,30,0,極速,中,右/大,,GGICccEddBBBbbbCCCADBCA__F____
,LV7,310,30,0,極速,中,右/大,,HGJCccEddBBBbbbCCCADBCA__F____
吹吹茶釜,LV1,160,0,0,やや速い,中,なし,,IefbBCEEEaAAaaABAC_C_CBAA_____
,LV2,190,0,0,やや速い,中,なし,,IghbCCFEEaAAaaABAC_C_CBAA_____
吹吹チャガンマン,LV3,210,0,0,やや速い,中,なし,,IhibCDFFFbBBbbBBAD_D_DCBB_____
名器吹吹チャガンマン,LV4,270,0,0,やや速い,中,なし,,IhibCDFFFbBBbbBBAD_D_DCBB_____
,LV5,300,0,0,やや速い,中,なし,,IhibCDFFFbBBbbBBADAD_DCBB_____
エビィーガン,LV1,160,0,0,普通,中,なし,,FFICBBDBBAAAAAACCCACACACACD_C_
,LV2,200,0,0,普通,中,なし,,GGICCCEBBAAAAAACCCACACACACD_C_
キングエビィーガン,LV3,210,0,0,普通,中,なし,,HHIDCCECCAAAAAACCCACACACACD_C_
ロイヤルエビィーガン,LV4,290,0,0,普通,中,なし,,HHIDDCEDCBAAAAACCCACACACACE_C_
,LV5,300,0,0,普通,中,なし,,IIIEDDEDDBAABAACCCACACACACE_C_
,LV6,330,0,0,普通,中,なし,,IIIEEDEDDBAABAACCCACACACACE_C_
クロオビボウガン,LV1,130,0,1,極速,中,なし,,GGIDddEeeAaaAaaCCCACACACACCB__
,LV2,150,0,1,極速,中,なし,,HHIDddEeeAaaAaaCCCACACACACCB__
,LV3,190,0,1,極速,中,なし,,IIIEeeFffAaaAaaCCCACACACACCB__
シハンボウガン,LV4,210,0,1,極速,中,なし,,IIIEeeFffAaaAaaCCCACACACACCB__
キューキョクボウガン,LV5,260,0,2,極速,中,なし,,IJJFeeGffAaaAaaCCCACACACADDC__
,LV6,320,0,2,極速,中,なし,,IJJFeeGffAaaAaaCCCACACACADDD__
フィオシダーレ,LV1,140,10,0,やや遅い,やや小,左/小,,EEFDDCdddAaaaAaB_BA__BABA___B_
,LV2,150,10,0,やや遅い,やや小,左/小,,FFGDDCdddAaaaAaB_BA__BABA___B_
,LV3,180,15,0,やや遅い,やや小,左/小,,IIIEEDeddAbaaAaB_BA__BACA___C_
ノブレスオーダー,LV4,200,15,0,やや遅い,やや小,左/小,,IIIFFEeddAbaaAaB_BA__BACA___C_
エレガン・オ・ドーレ,LV5,260,15,0,やや遅い,やや小,左/小,,IIIFFEeddAbaaAaB_BA__BACA___C_
,LV6,320,15,0,やや遅い,やや小,左/小,,IIIFFEeddAbaaAaB_BA__BACA___C_
ビートスナイパー,LV1,140,0,0,普通,中,なし,防御:10,DDFCCCdDdAaaaaaBABABABA__BB__B
,LV2,160,0,0,普通,中,なし,防御:20,DEGDDDdDdAaaaaaBABABABA__CC__C
,LV3,190,0,0,普通,中,なし,防御:20,DFHDDDdDdAaaaaaBABABABA__CC__C
ペネトレートビート,LV4,200,0,0,普通,中,なし,防御:20,DFIDDDdDdAaaaaaBABABABA__CC__C
キングビートスナイプ,LV5,280,0,0,普通,中,なし,防御:30,EGIDDDdDdAaaaaaBABABABA__CC__C
,LV6,320,0,0,普通,中,なし,防御:30,FGIDDDdDdAaaaaaBABABABA__CC__C
春夜鯉砲,LV1,130,0,2,普通,やや小,左右/小,,EDECCcDDCaaaaaaBA_________C_B_
,LV2,150,0,2,普通,やや小,左右/小,,FEFDDdEDCaaaaaaBA_________C_B_
,LV3,180,0,2,普通,やや小,左右/小,,GFGDDdEEDaaaaaaBA_________D_C_
春夜鯉砲【滝登り】,LV4,200,0,2,普通,やや小,左右/小,,HFHEEeFEEaaaaaaBA_________E_C_
早来恋・春夜鯉砲,LV5,260,0,2,普通,やや小,左右/小,,IGHEEeGFFaaaaaaBA_________F_D_
,LV6,320,0,2,普通,やや小,左右/小,,IGHEEeGFFaaaaaaBA_________F_D_
気艦銃,LV1,140,0,1,やや速い,大,左右/小,,EEFcddBFFAAAAaaBA____B________
,LV2,150,0,1,やや速い,大,左右/小,,FFGcddBFFAAAAaaBA____B________
,LV3,180,0,1,やや速い,大,左右/小,,GGHcddBFFBBBAaaBA____BA_______
気艦銃バルヘリス,LV4,200,0,1,やや速い,大,左右/小,,HHIcddBFFBBBAaaBA____BA_______
高高度気艦銃バラオン,LV5,230,0,2,やや速い,大,左右/小,,HHIcddDGFCBBAaaBA____BA_______
,LV6,320,0,3,やや速い,大,左右/小,,HHIcddDGFCBBAaaBA____BA_______
ビューベル,LV1,100,10,0,やや速い,やや小,なし,,DDEFFFdddAaaaAaB___A________B_
,LV2,120,10,0,やや速い,やや小,なし,,DDEGFFdddAaaaAaB___A________B_
,LV3,150,10,0,やや速い,やや小,なし,,FEEHGGeeeAaaaAaB___B________C_
高原のフリューベル,LV4,160,10,0,やや速い,やや小,なし,,FEEIHHeeeAaaaAaB___B________C_
響き渡るフリューベル,LV5,180,20,0,やや速い,やや小,なし,,HFEIHHeeeAaaaAaB___C________D_
,LV6,270,20,0,やや速い,やや小,なし,,HFEIHHeeeAaaaAaB___C________D_
エルドラマスケット,LV1,130,10,3,やや遅い,中,なし,,CCCcCcBbbCAAAAAB______________
,LV2,150,15,3,やや遅い,中,なし,,DDCdDdCccCBBAAAB______________
,LV3,190,20,3,やや遅い,中,なし,,EECeEeEeeDCCBBBB______________
亡国の宝銃バイジン,LV4,210,30,3,やや遅い,中,なし,,FFCfFfEeeDDDBBBB______________
至宝銃キサナドゥ,LV5,270,30,3,やや遅い,中,なし,,GGDfGfEeeDDDBBBB______________
,LV6,330,30,3,やや遅い,中,なし,,GGEfGfEeeDEEBBBB______________
オブシドバレット,LV1,150,0,0,やや遅い,大,なし,防御:10,FFGcccEEDAAAaAb_A___________DA
,LV2,170,0,0,やや遅い,大,なし,防御:15,GFHdcdEEDAAAaAb_A___________DA
,LV3,200,0,0,やや遅い,大,なし,防御:20,HGIedeFFDBAAaAb_A___________DB
歴耀弩デボニア,LV4,220,0,0,やや遅い,大,なし,防御:20,IHIfefFFDBAAaAb_A___________DB
エテル＝デボニア,LV5,280,0,0,やや遅い,大,なし,防御:20,IHIfefGGDBAAaBb_A___________EB
,LV6,340,0,0,やや遅い,大,なし,防御:20,IHIfefHGEBAAaBb_A___________FB
ド【烏】,LV1,150,5,0,普通,中,なし,,EFGbCbcCcbbBaaBCACA______D____
,LV2,160,5,0,普通,中,なし,,EFGbCbcCcbbBaaBCACA______D____
,LV3,170,5,0,普通,中,なし,,GHIcDcdDdbbBaaBCACA______E____
,LV4,190,5,0,普通,中,なし,,GHIcDcdDdbbBaaBCACA______E____
ド【狼】,LV5,210,5,0,普通,中,なし,,GHIcDcdDdbbBaaBCACA______E____
ド【凶】,LV6,290,10,1,普通,中,なし,,HHIcEcdDdbbBaaBCADA______F____
,LV7,320,10,1,普通,中,なし,,HIIcEcdEdbbBaaCCADC______F____
ヴァルキリーファイア,LV1,120,0,0,普通,中,なし,,DDEBbbDEdBbbAaaB_BAB_____D____
,LV2,130,0,0,普通,中,なし,,EEFCccDEdBbbAaaB_BAB_____D____
,LV3,140,0,0,普通,中,なし,,FFGDddDEdBbbAaaB_BAB_____D____
,LV4,150,0,0,普通,中,なし,,GGHEeeDEdBbbAaaB_BAB_____D____
,LV5,170,0,0,普通,中,なし,,HHIEeeEEeBbbAaaB_CACA____E____
,LV6,200,0,0,普通,中,なし,,IIIEeeEEeBbbAaaB_CACA____E____
,LV7,210,0,0,普通,中,なし,,IIIEeeEEeBbbAaaB_CACA____E____
ヴァルキリーブレイズ,LV8,220,0,0,普通,中,なし,,IIIEeeEEeBbbAaaB_CACA____E____
深碧の烈弩,LV9,280,0,1,普通,中,なし,,IJIEeeFFEBbbAaaB_DACA____F____
,LV10,310,0,1,普通,中,なし,,IJJEeeGFEBbbAaaB_DBCA____F____
,LV11,340,0,1,普通,中,なし,,IJJFeeGFFBbbAaaB_DBCA____F____
火竜砲,LV1,140,0,0,普通,中,なし,,EEECCcCccAAaAAa__BA______C____
,LV2,150,0,0,普通,中,なし,,EEFCCcCccAAaAAa__BA______C____
,LV3,170,0,0,普通,中,なし,,FFGDDdDddAAaAAa__BA______D____
,LV4,190,0,0,普通,中,なし,,GGHDDdDddAAaAAa__BA______D____
,LV5,200,0,0,普通,中,なし,,GGHDDdDddAAaAAa__BA______D____
鳳仙火竜砲,LV6,210,0,0,普通,中,なし,,HHIEEeEeeAAaAAA__BA______D____
鳳仙火竜砲【永焔】,LV7,280,0,1,普通,中,なし,,IHIFEeEeeBBaAAA__CA______E____
,LV8,300,0,1,普通,中,なし,,IIIGFeFeeBBaAAA__CB______E____
,LV9,330,0,1,普通,中,なし,,IIIGFfFeeBBaAAA__CB______E____
王弩ライカン,LV1,150,10,1,普通,中,なし,,FGHbEbcCcaaaAaaB___B___B___D__
,LV2,170,10,1,普通,中,なし,,FGHcFccCcaaaAaaB___B___B___D__
,LV3,190,10,1,普通,中,なし,,GHIdFddDdbbbAaaB___B___B___D__
,LV4,200,10,1,普通,中,なし,,GHIeFedDdbbbAaaB___C___C___D__
王牙弩【野雷】,LV5,220,10,1,普通,中,なし,,HIIeFedDdbbbAaaB___C___C___D__
真・王牙弩【天鼓】,LV6,280,15,1,普通,中,なし,,HIJeFedDdbbbAaaB___C___C___E__
,LV7,310,15,2,普通,中,なし,,IJJeGedEdbbbAaaB___D___C___E__
,LV8,330,20,2,普通,中,なし,,IJKeGedEdbbbAaaB___D___C___E__
狐水銃シズクトキユル,LV1,150,0,0,普通,小,なし,,DDEDEDCFdaAaaaaB_BA_______C___
,LV2,170,0,0,普通,小,なし,,DDEDEDCFdaAaaaaB_BA_______C___
,LV3,200,0,0,普通,小,なし,,EEFEFFDFdbBabBaB_BA_______D___
あまとぶや軽弩の水珠,LV4,210,0,0,普通,小,なし,,EEGEFFDFdbBabBaB_BA_______E___
あまとぶや軽妙霊水弩,LV5,280,0,0,普通,小,なし,,FEGFFFDFdbBabBaB_BA_______E___
,LV6,300,0,0,普通,小,なし,,GFGFGFDFdbBabBaB_BA_______E___
,LV7,330,0,0,普通,小,なし,,GFGGGGDFdbBabBaB_BA_______F___
電竜弩,LV1,150,0,0,やや速い,やや小,なし,,DFeDfdcDdBAcaaaB___BA______C__
,LV2,170,0,0,やや速い,やや小,なし,,DFeDfdcDdBAcaaaB___BA______C__
,LV3,200,0,0,やや速い,やや小,なし,,EFfEFEdEeCCcbbaB___BA______D__
サージ電竜砲,LV4,210,0,0,やや速い,やや小,なし,,EFfEFEdEeCCcbbaB___BA______E__
サージ電竜砲【瞬電】,LV5,280,0,1,やや速い,やや小,なし,,FFfFFEdEeCCcbbaB___CB______F__
,LV6,300,0,1,やや速い,やや小,なし,,FFfGFEdEeCCcbbaB___CB______F__
,LV7,330,0,1,やや速い,やや小,なし,,FFfGGFdEeCCcbbaB___CB______F__
巨獣弩,LV1,160,0,0,やや遅い,中,左右/小,防御:10,DDecCcCCCbaaAAbB_____BA_____C_
,LV2,180,0,0,やや遅い,中,左右/小,防御:15,DEecCcDDDbaaBBbB_____BA_____C_
,LV3,220,0,0,やや遅い,中,左右/小,防御:20,EFedDcDDDbbaBBBB_____BA_____C_
巨弾・弩ッ弩ッ弩ッ,LV4,240,0,0,やや遅い,中,左右/小,防御:25,EGedDcEEEbbaCCBB_____BA_____D_
弩ッ弩ッ弩ッＭＡＸ,LV5,300,0,0,やや遅い,中,左右/小,防御:25,FGedEcFEEbbaCCBB_____BB_____D_
,LV6,320,0,0,やや遅い,中,左右/小,防御:30,FHedEcFFEbbaCCBB_____CB_____E_
,LV7,340,0,0,やや遅い,中,左右/小,防御:30,GHedEcGFEbbaCCBB_____CB_____E_
灼炎のエンサー,LV1,150,0,0,普通,中,なし,,FEFeDdeECCCCaAA________BAC____
,LV2,170,0,0,普通,中,なし,,GFGfEeeFDCCCaAA________BAC____
,LV3,210,0,0,普通,中,なし,,HGHfEeeFDCCCbBA________BAD____
斬竜弩イクリール,LV4,220,0,0,普通,中,なし,,IHIfFfeFDCCCbBA________BAD____
大斬弩イクリルノヴァ,LV5,290,0,0,普通,中,なし,,IHIfFfeFECCCbBA________CAE____
,LV6,310,0,0,普通,中,なし,,IIJfFffGFCCCbBA________CAE____
,LV7,340,0,0,普通,中,なし,,IIJfFffGFCCCbBA________CAF____
レイofヴァイス,LV1,140,20,1,普通,中,なし,,EFFCCcDCcbbaAaaB___A___B_____B
,LV2,150,20,1,普通,中,なし,,EFGCCcDCcbbaAaaB___A___B_____B
,LV3,180,20,1,普通,中,なし,,FFHCCcDCcbbaAaaB___B___B_____B
レイofインサニティ,LV4,200,20,1,普通,中,なし,,FFICCcDCcbbaAaaB___B___B_____B
レイofシャンバラ,LV5,290,30,1,普通,中,なし,,GFIDCcECcbbaAaaB___B___B_____C
,LV6,320,30,1,普通,中,なし,,GGIDDcEDcbbaAaaB___B___B_____C
ラサーサアルシアラ,LV1,150,10,1,やや速い,大,なし,,FBCDCcCCCaaabaa_______________
,LV2,160,10,1,やや速い,大,なし,,GCDDCcDDDaaabaa_______________
,LV3,210,10,1,やや速い,大,なし,,HDEEDdEEEaaabaa_______________
叛弩アルシアラ,LV4,220,10,1,やや速い,大,なし,,IEFFEeFFFaaabaa_______________
乱叛弩アルシアラ,LV5,300,15,1,やや速い,大,なし,,IFGFFeGFFaaabaa_______________
,LV6,320,20,1,やや速い,大,なし,,IFGGFeHGGaaabaa_______________
レックスタンク,LV1,170,-20,0,普通,中,左/小,,FDHcCCdEEABBBBB________BB____B
,LV2,180,-20,0,普通,中,左/小,,FEHcDDdEEABBBBB________BB____B
,LV3,200,-20,0,普通,中,左/小,,GFHdDDeEEABBBBB________BB____B
轟弩【戦虎】,LV4,220,-10,0,普通,中,左/小,,HFIdEDeFFABBBBB________BB____B
轟弩【大戦虎】,LV5,290,-10,0,普通,中,左/小,,HGIdEDeFFBBBCBB________BB____B
,LV6,310,-10,0,普通,中,左/小,,HGJdEEeFFBBBCBB________CB____B
,LV7,340,-10,0,普通,中,左/小,,HGJdEEeFFBBBCBB________CB____B
幻獣筒【三ツ角】,LV1,140,0,0,普通,中,なし,,DDGCCCcccAaaBBBCCBABABABACCCC_
,LV2,160,0,0,普通,中,なし,,EEGCCCcccAaaBBBCCBABABABACCCC_
,LV3,180,0,0,普通,中,なし,,FFHDDDdddAaaBBBCCCACACACADDDD_
幻獣筒【三界三禍】,LV4,200,0,0,普通,中,なし,,FFIDDDdddAaaBBBCCCACACACADDDD_
幻神鼎角筒,LV5,290,0,0,普通,中,なし,,GFIEDDdddAaaBBBCCCACACACADDEE_
,LV6,320,0,1,普通,中,なし,,GGIEEEdddAaaBBBCCCACACACAEEEE_
ディオスブラスト,LV1,150,0,0,やや速い,中,左/小,,DDeDEdBbbAAaaAaB_______B_C____
,LV2,170,0,0,やや速い,中,左/小,,EDfDEdCccAAaaAaB_______B_C____
,LV3,200,0,0,やや速い,中,左/小,,EEfEEeDddAAAaAaB_______BAD____
爆弩コバルトブラスト,LV4,210,0,0,やや速い,中,左/小,,FEgEEeEeeAAAaAAB_______CAD____
爆弩エクスコバルト,LV5,290,0,1,やや速い,中,左/小,,FFgEEeEeeBAAaAAB_______CAE____
,LV6,320,0,1,やや速い,中,左/小,,FFhEEeFeeBAAaAAB_______CAE____
ウラナイランプ,LV1,140,30,3,やや速い,中,なし,,FFICCCDDDAAAAAACACACACACACCCCA
,LV2,180,30,3,やや速い,中,なし,,FFICCCDEDAAAAAACACACACACACCCCA
,LV3,200,30,3,やや速い,中,なし,,GGICCCEFEBAABAACACACACACADDDDA
マジナイランプ,LV4,210,30,3,やや速い,中,なし,,HGICCCFFEBBABBACACACACACADDDDA
マジンノランプ,LV5,290,35,3,やや速い,中,なし,,HGIDDCGFEBBABBACADBCACACADDDDB
,LV6,320,35,3,やや速い,中,なし,,HHIDDDHFFBBABBACADCCACACADDDDC
巨蟹といふ名の白骸,LV1,160,0,1,やや遅い,やや小,なし,,FFHEEDfFeAAAaaAB___CA__CA____B
,LV2,170,0,1,やや遅い,やや小,なし,,GFIEEDfFeBBAaaAB___CA__CA____B
,LV3,210,0,1,やや遅い,やや小,なし,,HGIFEEfFeCBAaaAB___CA__CA____C
白骸の怪弩,LV4,220,0,1,やや遅い,やや小,なし,,IHIFEEfFeCBAaaAB___CA__CA____C
白骸怪弩アクベンス,LV5,310,0,1,やや遅い,やや小,なし,,IHIGFEfFeCBAaaAB___CA__CA____C
,LV6,340,0,1,やや遅い,やや小,なし,,IIIGFFfFeCBAaaAB___CA__CA____C
ブラックパラソル,LV1,150,0,1,やや速い,中,左右/小,防御:10,ECHCccDDDAAaAAaCCCACACA__BE__A
,LV2,170,0,1,やや速い,中,左右/小,防御:10,ECHCccDDDAAaAAaCCCACACA__BE__A
,LV3,190,0,1,やや速い,中,左右/小,防御:10,FDICccDEEBBbAAaCCCACACA__CE__A
クロノパラソル,LV4,200,0,1,やや速い,中,左右/小,防御:10,FDICccDEEBBbAAaCCCACACA__CE__A
ミラパラソル,LV5,290,0,1,やや速い,中,左右/小,防御:20,GEICccEFEBBbAAaCCCACACA__CE__B
,LV6,330,0,1,やや速い,中,左右/小,防御:20,GEICccFGGBBbAAaCCCACACA__CE__C
ショットボウガン・蒼,LV1,160,20,0,やや遅い,中,なし,,FFFBccFDdAaaAaaBB____BA___C___
,LV2,180,20,0,やや遅い,中,なし,,GFGCddFDdAaaAaaBB____CA___D___
,LV3,190,20,0,やや遅い,中,なし,,HFHCddFEeAaaAaaBB____CA___D___
バレットシャワー・蒼,LV4,200,20,0,やや遅い,中,なし,,IFICddFEeAaaAaaBB____CA___D___
レインバレッツ・蒼,LV5,260,20,1,やや遅い,中,なし,,IGJDddFFeAaaAaaBB____CA___E___
,LV6,310,20,1,やや遅い,中,なし,,IGJDddGGeAaaAaaBB____CA___E___
ショットボウガン・碧,LV1,170,0,2,やや速い,中,なし,防御:10,FFfBccDDdAaaAaaBA__CBBA____C__
,LV2,200,0,2,やや速い,中,なし,防御:10,FFfBccDDdAaaAaaBA__CBBA____C__
バレットシャワー・碧,LV3,210,0,2,やや速い,中,なし,防御:10,FFfCddEDdAaaAaaBA__CBCA____D__
レインバレッツ・碧,LV4,240,0,3,やや速い,中,なし,防御:15,GGfDddFDdAaaAaaBA__DBCA____E__
,LV5,330,0,3,やや速い,中,なし,防御:15,HGfDddGEdAaaAaaBA__DBCA____E__
ショットボウガン・紅,LV1,190,0,2,やや速い,中,なし,,FFFBccEFfAaaAaaBB____BA__C____
,LV2,200,0,2,やや速い,中,なし,,GFGCccEFfAaaAaaBB____BA__C____
バレットシャワー・紅,LV3,210,0,2,やや速い,中,なし,,GFGCccEFfAaaAaaBB____BA__C____
レインバレッツ・紅,LV4,270,0,2,やや速い,中,なし,,HFGDccFFfAaaAaaBBCB__BA__D____
,LV5,330,0,2,やや速い,中,なし,,HGGDccGGfAaaAaaBBCC__BA__D____
シェルバレット,LV1,170,0,0,普通,中,左右/大,,AEFcddBCCaaaAaaB_E_B______D___
,LV2,190,0,0,普通,中,左右/大,,AEGdddBDDaaaAaaB_E_C______D___
インセクヴァールカン,LV3,200,0,0,普通,中,左右/大,,AFHeddBDDaaaAaaB_E_C______D___
蜂巣リボルヴァルカン,LV4,230,0,3,普通,中,左右/大,,CGHeddDEEaaaAaaB_E_C______D___
,LV5,320,0,3,普通,中,左右/大,,EGIeddEFEaaaBaaB_E_C______E___
デザートストーム,LV1,170,0,1,極速,中,なし,,FFICCCDDDAAAAAACCCACACA___C___
,LV2,190,0,1,極速,中,なし,,GFIDDDDDDAAAAAACCCACACA___D___
デザートテンペスト,LV3,210,0,1,極速,中,なし,,HFIDDDEEEAAAAAACCCACACA___E___
沙塵弩ガレオストーム,LV4,240,0,1,極速,中,なし,,HGIDDDFFEBAAAAACCCACACA___F___
,LV5,320,0,1,極速,中,なし,,IGIEDDFFFBAAAAACCCACACA___F___
ロンナークプシカ,LV1,170,0,1,普通,中,なし,,EEFCccCCcaaaAaaB___C_____BB_B_
,LV2,190,0,1,普通,中,なし,,EEFDccDDdaaaAaaB___C_____BC_C_
,LV3,200,0,1,普通,中,なし,,FFGDccEEebbbAaaB___C_____CC_C_
ロンベルチャカリオ,LV4,210,0,1,普通,中,なし,,GGHDDCEFfbbbAaaB___C_____CD_D_
奇銃ロンベルカタ,LV5,240,0,2,普通,中,なし,,HGHEDCEGfbbbAaaB___D_____DE_D_
,LV6,330,0,2,普通,中,なし,,HGHEDDFGgbbbAaaB___D_____DE_D_
ハーイゲヴァー,LV1,190,0,0,普通,中,なし,,EEgDFEdDdbAaaaAB____________D_
,LV2,200,0,0,普通,中,なし,,EEgDFEeEebAaaaAB____________D_
口裂けハーイゲヴァー,LV3,210,0,0,普通,中,なし,,FEhDFEfFfbAaaaAB____________E_
口裂けハーイザルヴ,LV4,270,0,0,普通,中,なし,,GEhEFEfFfbAaaaAB____________F_
,LV5,300,0,0,普通,中,なし,,GFhEFEfFfbAaaaAB____________F_
,LV6,330,0,0,普通,中,なし,,HFhFFEfFfbAaaaAB____________G_
テイルブリザード,LV1,170,10,1,やや遅い,中,なし,,EDEEEEdddbaaaaaCC____CA_____F_
,LV2,180,10,1,やや遅い,中,なし,,EDEEEEdddbaaaaaCC____DB_____F_
テイルアヴァランチ,LV3,190,10,1,やや遅い,中,なし,,FEFFFFeeebaaaaaCC____DB_____F_
怒弩ブリガンテ,LV4,280,15,2,やや遅い,中,なし,,FFFGFFeeebaaaaaCC____DB_____F_
,LV5,310,15,2,やや遅い,中,なし,,GFFGGFeeebaaaaaCC____DB_____G_
真ユクモノ弩,LV1,180,0,1,普通,中,なし,,EEFCbbBccBbaaaaBABA__BABA_____
,LV2,200,0,1,普通,中,なし,,EEFCbbBccBbaaaaBABA__BABA_____
ユクモ霊弩【弾雨】,LV3,210,0,1,普通,中,なし,,EEFCbbBccBbaaaaBABA__BABA_____
ユクモ神霊弩【弾嵐】,LV4,270,0,1,普通,中,なし,,FFFDbbBccBbaaaaBABA__BABA_____
,LV5,340,0,1,普通,中,なし,,FGGEbbBccBbaaaaBABA__BABA_____
ボルボバレット,LV1,200,0,0,極遅,中,左右/小,防御:10,EFHBbcDCcaaaAaaB___B___BA_____
,LV2,210,0,0,極遅,中,左右/小,防御:10,EFHCbcDCcaaaAaaB___B___BA_____
ボルボランチャー,LV3,220,0,0,極遅,中,左右/小,防御:15,FFHCbcEDcaaaAaaB___B___BA_____
バズルボローカ,LV4,280,0,0,極遅,中,左右/小,防御:15,GGICDcFDdaaaBaaB___C___CB_____
,LV5,340,0,0,極遅,中,左右/小,防御:20,GGICEcGDdaaaBaaB___C___CB_____
グレネードボウガン,LV1,180,0,0,極速,中,なし,,EEDbbcEFfAAaAAaB___B_____C____
,LV2,190,0,0,極速,中,なし,,EEDbbcEFfAAaAAaB___B_____C____
グレネードリボルバー,LV3,210,0,0,極速,中,なし,,FFDbbcEFfAAaAAaB___B_____D____
エクスリボルバー,LV4,270,0,2,極速,中,なし,,FFEccdFGfBBaBBaB___B_____D____
,LV5,330,0,3,極速,中,なし,,HHGccdFGgBBaBBaB___B_____D____
アズラクヴァヤ,LV1,160,0,1,やや遅い,中,なし,,EFFCDcCCcaaaaaaB_BABAC________
,LV2,180,0,1,やや遅い,中,なし,,EFFCDcDCcaaaaaaB_BABAC________
眠梟公爵ドルモ,LV3,200,0,1,やや遅い,中,なし,,FGFDDcDDcaaaaaaB_BABACB_______
眠梟大公モルドルモ,LV4,260,0,2,やや遅い,中,なし,,GGGDEcDEcaaaaaaB_CACACB_______
,LV5,280,0,2,やや遅い,中,なし,,GHGDEcDEcaaaaaaB_CBCBCB_______
,LV6,300,0,2,やや遅い,中,なし,,GHGDEcDEcaaaaaaB_CBCBCB_______
ラヴァシュトローム,LV1,190,0,0,普通,中,右/小,,FDhBBBBBBAAAAAACCCACACACACCCC_
,LV2,200,0,0,普通,中,右/小,,IFiCCCCCCAAAAAACCCACACACACCCC_
ラヴァストーム,LV3,210,0,0,普通,中,右/小,,IFiCCCCCCAAAAAACCCACACACADDDD_
ラヴァタイフーン,LV4,280,0,1,普通,中,右/小,,IGiDDDDDDAAAAAACCCACACACADDDD_
,LV5,300,0,2,普通,中,右/小,,IGiDDDDDDBAABAACCDADADADBDDDD_
,LV6,330,0,2,普通,中,右/小,,IHiEEEEEEBBBBBBCCDADADADBDDDD_
ド【兇】,LV1,190,30,1,普通,中,なし,,FHIdCcdDdbBbaAbCCCB______E___B
,LV2,200,30,1,普通,中,なし,,GIIdCcdDdbBbaBbCCDB______E___B
黒狼隊のショウド,LV3,210,30,1,普通,中,なし,,HIIdCcdDdbBbaBbCCDC______E___B
黒狼衝弩【玄】,LV4,280,30,2,普通,中,なし,,IIIdDcdDdbBbaBbCCDC______F___B
,LV5,300,30,2,普通,中,なし,,IIIdEcdDdbCbaBbCCDC______G___C
,LV6,330,30,2,普通,中,なし,,IIIdEcdEdbCbaBbCCDC______G___C
雷砲サンダークルス,LV1,180,10,2,普通,やや小,左/小,,FGGCDdEDdAaaaaaB___B___B___C__
,LV2,190,10,2,普通,やや小,左/小,,GHHDDdEDdAaaaaaB___B___B___C__
雷迅砲サンダークルス,LV3,200,20,2,普通,やや小,左/小,,HIIDEdEDdAaaaaaB___C___C___D__
豪雷迅砲クルサンダー,LV4,270,25,2,普通,やや小,左/小,,HJIEEdEDdAaaaaaB___C___C___E__
,LV5,290,25,2,普通,やや小,左/小,,IKIEEdEDdAaaaaaB___D___C___E__
,LV6,320,25,2,普通,やや小,左/小,,ILJFFdEDdAaaaaaB___D___C___F__
飛雷弩,LV1,190,0,1,普通,小,なし,防御:30,FFgBBbCCcaaabbbCA__BB______C__
,LV2,200,0,1,普通,小,なし,防御:30,GFhCCcDDdaaabbbCA__BB______C__
撃雷弩【麒麟】,LV3,210,0,1,普通,小,なし,防御:30,GFhCCcDDdaaabbbCA__BB______C__
撃雷弩【麒麟王】,LV4,270,0,2,普通,小,なし,防御:30,GFhDCcEDdaaabbbCA__CB______D__
,LV5,300,0,2,普通,小,なし,防御:30,GGhDDcEEdaaabbbCA__CB______D__
,LV6,330,0,3,普通,小,なし,防御:30,GGhEDcFEdaaabbbCA__DB______E__
神ヶ島,LV1,200,0,0,極速,やや小,なし,,DFIbbBbcDCCCCCCBB___B_BCBA___C
,LV2,210,0,0,極速,やや小,なし,,DFIbbBcdECCCCCCBB___B_BCBA___C
大神ヶ島【出雲】,LV3,220,0,0,極速,やや小,なし,,DFIbbBcdECCCCCCBB___B_BCBA___C
大神ヶ島【神在月】,LV4,300,0,0,極速,やや小,なし,,EGIbbCcdFCCCCCCBB___B_BCBA___C
,LV5,340,0,0,極速,やや小,なし,,EGIbbCcdFCCCCCCBB___B_BCBC___C
パールフリルパラソル,LV1,190,0,0,やや速い,中,なし,防御:10,FDICCCDEEBBbAAaCCCACA__CA__ECA
,LV2,200,0,0,やや速い,中,なし,防御:10,FDICCCDEEBBbAAaCCCACA__CA__ECA
パールセレブパラソル,LV3,210,0,0,やや速い,中,なし,防御:10,FDICCCDEEBBbAAaCCCACA__CA__ECA
真珠夫人の仕込傘,LV4,270,0,0,やや速い,中,なし,防御:10,GEIEEEDEEBBbAAaCCCADB__CA__FCA
,LV5,320,0,0,やや速い,中,なし,防御:10,GEIEFFDEEBBbAAaCCCADB__CA__FCA
アサルトコンガ,LV1,170,0,1,やや速い,中,なし,,EDeCCcCCcaaaAaaCCCACACA__C____
,LV2,190,0,1,やや速い,中,なし,,EEeDCcCCcaaaAaaCCCACACA__C____
コンバットコンガ,LV3,210,0,1,やや速い,中,なし,,FEfDDcDDcaaaAaaCCCACACA__C____
アタックオンコンガ,LV4,240,0,2,やや速い,中,なし,,FFfEDDEDdaaaAaaCCCBCBCB__D____
,LV5,330,0,3,やや速い,中,なし,,GFfEEDEEdaaaAaaCCCBCBCB__D____
ブリザードカノン,LV1,190,15,0,やや速い,中,なし,,DEfDFEBCcaaaaaaB_____C______C_
ブリザードヘイル,LV2,200,15,0,やや速い,中,なし,,DEfDFEBCcaaaaaaB_____C______C_
ブリザードタビュラ,LV3,280,20,0,やや速い,中,なし,,EFgEFFBCcaaaaaaB_____C______D_
,LV4,300,20,0,やや速い,中,なし,,EGgEFFBCcaaaaaaB_____C______D_
,LV5,320,20,0,やや速い,中,なし,,EGgEGFBCcaaaaaaB_____C______D_
タイタングレネード,LV1,200,0,1,極速,中,なし,防御:10,EEicCCcCCaAAaBAB_BA______C_C__
,LV2,210,0,1,極速,中,なし,防御:10,EEicCCcCCaAAaBAB_BA______C_C__
タイタンパンツァー,LV3,230,0,1,極速,中,なし,防御:10,FEicCCcCCaAAaBAB_BA______D_C__
タイタンボンバルド,LV4,290,0,1,極速,中,なし,防御:15,FFIcDDcDDaBAaBAB_CA__BB__D_D__
,LV5,320,0,1,極速,中,なし,防御:15,GGIcEDcEDaBBaBBB_CA__BB__D_D__
,LV6,350,0,1,極速,中,なし,防御:20,GGJcEEcEEaBBaBBB_CA__BB__D_D__
メイルシュトローム,LV1,210,0,1,やや速い,やや小,なし,防御:10,FEfCCCCCCAAaAAaC___C__AB__C___
,LV2,210,0,1,やや速い,やや小,なし,防御:15,GFgCCCCCCAAaAAaC___C__AB__C___
ネビュラシュトローム,LV3,220,0,1,やや速い,やや小,なし,防御:20,HGhCCCCCCAAaAAaC___C__AB__C___
流弩ガノシュトローム,LV4,270,0,2,やや速い,やや小,なし,防御:20,HGhDCCCCCAAaAAaC___C__AB__C___
,LV5,300,0,2,やや速い,やや小,なし,防御:20,HGhEDDDCCAAaAAaC___C__AB__C___
,LV6,330,0,2,やや速い,やや小,なし,防御:20,HGhFEEDCCAAaAAaC___C__AB__C___
機銃ストラフィング,LV1,200,0,0,普通,中,右/大,防御:10,FFGcbbEEDaaaAbaB_CDBA_____D_D_
,LV2,210,0,0,普通,中,右/大,防御:15,FFHdccEEDaaaAbaB_CDCA_____D_D_
機銃砲バタルビトリア,LV3,220,0,0,普通,中,右/大,防御:20,FFIeddEEDaaaAbaB_CDCA_____D_D_
機銃砲ズィクビトリア,LV4,290,0,0,普通,中,右/大,防御:20,GFIeddEEDaaaAbaB_CDCA_____E_E_
,LV5,320,0,0,普通,中,右/大,防御:25,GGIeddFEEaaaAbaB_DDCB_____E_E_
,LV6,330,0,0,普通,中,右/大,防御:25,HHIeddFFEaaaAbaB_DDCB_____F_E_
叛逆の旋弩,LV1,220,20,2,やや速い,大,なし,,HCDEDdDDDbbbbaa_______________
,LV2,230,20,2,やや速い,大,なし,,IDEEDdDDDbbbbaa_______________
叛逆弩ヴァルレギオン,LV3,240,20,2,やや速い,大,なし,,IEFEDdEDDbbbbaa_______________
叛断ノ覇弩レギオン,LV4,290,20,2,やや速い,大,なし,,IFGFEdFDDbbbbaa_______________
,LV5,310,20,2,やや速い,大,なし,,IGGFEdFEDbbbbaa_______________
,LV6,330,20,2,やや速い,大,なし,,IGHFEdGEEbbbbaa_______________
ベルクーツ,LV1,200,0,1,やや遅い,やや小,なし,,DDEBBbDEFAAAAaaBA____BACA_____
,LV2,210,0,1,やや遅い,やや小,なし,,EEFBBbEFFBBBAaaBA____BACB_____
ド級弩アルデバラン,LV3,220,0,1,やや遅い,やや小,なし,,FFGBBbFFFCCCAaaBA____BACB_____
超ド級弩アルデバラン,LV4,310,0,1,やや遅い,やや小,なし,,GFGBBbGGFCCCAaaBA____BACC_____
,LV5,330,0,1,やや遅い,やや小,なし,,GFGBBbGGGCCCAaaBA____BADC_____
爆砕の光弩,LV1,210,0,1,やや速い,中,左/小,防御:10,DFHDEdCccAAaaAaB_______B_D____
,LV2,220,0,1,やや速い,中,左/小,防御:10,EFHDEdDddBBbbBBB_______B_D____
破岩弩バリスタイト,LV3,230,0,1,やや速い,中,左/小,防御:10,FFHDEdEeeCBbbBBB_______C_E____
砕巌弩バリスタイト,LV4,310,0,1,やや速い,中,左/小,防御:15,GGHDEdEeeCBbbBBB_______C_E____
,LV5,330,0,1,やや速い,中,左/小,防御:15,GHHEFdFeeCCbBBBB_______C_F____
,LV6,350,0,1,やや速い,中,左/小,防御:15,GHHFFdFeeCCbBBBB_______C_F____
THEオラクル,LV1,190,35,2,普通,中,なし,,EGHcCcFCcbbaAaaB___B___B_____C
,LV2,200,35,2,普通,中,なし,,FHIcCcFDdbbaAAaB___B___B_____C
THEパニッシャー,LV3,210,35,2,普通,中,なし,,GIIcCcFDdbbaAAAB___B___B_____C
THEヴァーチ,LV4,290,35,2,普通,中,なし,,GIIcCcFEdbbaBAAB___B___B_____C
,LV5,300,35,2,普通,中,なし,,HJIcDcFEdbbaBAAB___B___B_____C
,LV6,320,35,2,普通,中,なし,,IJJcEcFFdbbaBAAB___B___B_____C
ラージャンデグ,LV1,210,-15,0,普通,中,左右/大,,HHHDDDcccBBBAaaCC__CA____C_CA_
,LV2,220,-15,0,普通,中,左右/大,,IIIDDDdddBBBAAaCC__CA____D_DB_
金獅子筒【万雷】,LV3,220,-15,0,普通,中,左右/大,,IIIEEEeeeBBBAAACC__CB____D_DB_
金獅子筒【兆雷】,LV4,310,-15,0,普通,中,左右/大,,IIIFEEeeeCBBBAACC__DB____D_EB_
,LV5,330,-15,0,普通,中,左右/大,,IIIFFEeeeCCBBAACC__DB____D_EB_
イビルマシーン,LV1,190,-10,0,極遅,小,左/大,,ADHcdDbcFaaaaaB________C_B__AC
,LV2,200,-10,0,極遅,小,左/大,,AEIcdDbcFaaaaaB________C_C__AC
マッドネスグリーフ,LV3,210,-10,0,極遅,小,左/大,,AEIcdEbcFaaaaaB________C_C__BC
ネロ＝マッドネス,LV4,300,-10,1,極遅,小,左/大,,AEJcdEbDGaaaaaB________C_C__BC
,LV5,330,-10,1,極遅,小,左/大,,AEJcdFbEHaaaaaB________C_C__BC
瓢弾,LV1,180,0,2,やや速い,中,なし,,EBFBccCccaaaaaaBA__________CC_
,LV2,190,0,2,やや速い,中,なし,,FCGDeeDccaaaaaaBA__________DD_
,LV3,200,0,2,やや速い,中,なし,,GDHDeeDccaaaaaaBA__________DD_
瓢弾【千成】,LV4,210,0,2,やや速い,中,なし,,HEIDeeDccaaaaaaBA__________DD_
大瓢弾【万成】,LV5,260,0,2,やや速い,中,なし,,HEIFeeEccaaaaaaBA__________EE_
,LV6,330,0,3,やや速い,中,なし,,HFIFeeFccaaaaaaBA__________EE_
未解を照らす軽弩,LV1,190,15,1,普通,中,なし,,FFEEDDEDDaaaaaaBA__BA____D_D__
研鑽されし龍識軽弩,LV2,210,15,1,普通,中,なし,,FFEEEDEEDaaaaaaBA__BA____D_D__
龍識究弩ファノス,LV3,230,20,2,普通,中,なし,,GGGFEEFEEaaaaaaBA__BB____E_E__
,LV4,280,20,2,普通,中,なし,,HGGFFEFFEaaaaaaBA__BB____E_E__
,LV5,300,30,3,普通,中,なし,,HGGGFFGFFaaaaaaBA__BB____E_E__
アームキャノン,LV1,190,0,3,普通,中,なし,防御:10,GfEcCCdBBAAaaAABB___A____C_CBA
,LV2,200,0,3,普通,中,なし,防御:15,HgFcCCdBCBAaaAABC___A____C_CCA
アームキャノンＸ,LV3,210,0,3,普通,中,なし,防御:20,IhGcCCdCCBBaaAABC___A____C_DCA
アームキャノンＸＸ,LV4,270,0,3,普通,中,なし,防御:25,IhHcDDdDDBBaaAABC___A____C_ECA
,LV5,320,0,3,普通,中,なし,防御:30,JhHcDDdDDBBaaAABC___A____C_FCA
鋼氷蜂弩,LV1,210,10,1,やや遅い,小,左右/小,,EGFdDDCCcBBBaBaCA__BA_______B_
,LV2,220,10,1,やや遅い,小,左右/小,,FGFdDDCCcBBBaBaCA__CA_______B_
ホーネス＝ダオラ,LV3,230,10,1,やや遅い,小,左右/小,,GGGdDDDDdBBBaBaCA__CB_______C_
ザンブル＝ダオラ,LV4,300,15,1,やや遅い,小,左右/小,,HHHdEEEDdBBBaBaCA__CB_______D_
,LV5,330,15,1,やや遅い,小,左右/小,,HHHdFEFEdBBBaBaCA__CB_______E_
シルバースパルタカス,LV1,210,-10,0,普通,中,なし,,FFICCFBBBAAAAAACCCACA____CC_C_
,LV2,220,-10,0,普通,中,なし,,GFICDFCCCAAAAAACCCACA____DC_C_
朧銀の連弩,LV3,230,-10,0,普通,中,なし,,HFICEFDDDAAAAAACCCACA____EC_C_
銀輝のアストリオス,LV4,320,-10,0,普通,中,なし,,HGIDFGEDDAAAAAACCCACA____FC_C_
,LV5,350,-10,0,普通,中,なし,,HGIEFGEDDAAAAAACCCACA____GC_C_
ゴールドヴァルキリー,LV1,200,0,0,やや速い,中,なし,,FFIDDdBccBBbBBaCCB_DB____DDBBB
,LV2,210,0,0,やや速い,中,なし,,GFIDDdCddBBbBBaCCB_DB____DDCBB
金華の連弩,LV3,220,0,0,やや速い,中,なし,,HFIEEeDeeBBbBBaCCB_DB____EDCCB
金煌のオレルス,LV4,310,0,0,やや速い,中,なし,,IGIFFfDeeBBbBBaCCBBDB____FDCCB
,LV5,340,0,0,やや速い,中,なし,,IGIFFfDeeBBbBBaCCBBDB____FDCCB
繚乱の対弩,LV1,210,0,3,普通,中,なし,,EFICCCFFFBBbAAABADBBA____F____
,LV2,220,0,3,普通,中,なし,,FGIDDDFFFBBbAAABADBCA____F____
金華朧銀の対弩,LV3,230,0,3,普通,中,なし,,GHIEEEFFFBBbAAABADBCA____F____
繚乱の対弩【千輪】,LV4,320,0,3,普通,中,なし,,GHJFEEGGFBBbAAABADBCA____F____
,LV5,340,0,3,普通,中,なし,,HIJFFEHGFBBbAAABADBCA____F____
鬼神筒,LV1,220,-25,0,普通,中,左右/大,,IIIEEEdddBBBBBBCC__CB____DAD__
,LV2,230,-25,0,普通,中,左右/大,,IIIEEEdddBBBBBBCC__CB____DAD__
鬼神筒【雷天】,LV3,240,-25,0,普通,中,左右/大,,IIIEEEdddBBBBBBCC__CB____DAD__
鬼神大筒【怒雷天】,LV4,330,-25,0,普通,中,左右/大,,IIIFEEdddCBBBBBCC__CB____DAE__
,LV5,340,-25,0,普通,中,左右/大,,IJJGFFdddCCCBBBCC__CB____DAF__
業弩ダークデメント,LV1,220,-15,0,普通,小,左/大,,ACGcCEcCFaaaAaA________BBB__AB
,LV2,230,-15,0,普通,小,左/大,,ADHcCEcCFaaaAaA________BBB__AB
滅弩ダークデメント,LV3,240,-15,0,普通,小,左/大,,ADIcDFcCFaaaAaA________BBB__AC
咎弩アビルデメント,LV4,330,-15,0,普通,小,左/大,,AEIcEFcDGaaaAaA________BBB__AC
,LV5,360,-15,0,普通,小,左/大,,AEIcEGcDGaaaAaA________BBB__AC
崩弩エイヌカムルバス,LV1,240,-30,2,やや遅い,大,左右/小,,FIIbCCbCCaBBaABBA____BABA_C_E_
,LV2,250,-30,2,やや遅い,大,左右/小,,GIIbCCbCCaBBaABBA____BABA_D_E_
崩天弩エイヌオンカム,LV3,260,-30,2,やや遅い,大,左右/小,,HIIbCCbCCaBBaABBA____BABA_E_E_
崩界弩エイヌカムノミ,LV4,360,-30,2,やや遅い,大,左右/小,,IJIbDCbDCaBBaABBA____BABA_F_F_
,LV5,380,-30,2,やや遅い,大,左右/小,,IJIbEDbEDaBBaABBA____BABA_F_G_
凶針【水禍】,LV1,200,-10,0,普通,中,なし,,FGHCCcCCcBBbBaaCBBA______CCCCC
,LV2,210,-10,0,普通,中,なし,,GGICCcCCcBBbBaaCBBA______CCCCC
天嵐ノ針【水天一色】,LV3,220,-10,0,普通,中,なし,,HHICCcCCcBBbBaaCBBA______CCCCC
太虚ノ針【沖天】,LV4,320,-10,0,普通,中,なし,,HIICCcCCcBBbBaaCBBA______CDDCC
,LV5,330,-10,0,普通,中,なし,,HIICCcCCcBBbBaaCBBA______CEECC
極星弩グラーグ,LV1,200,10,2,やや速い,小,なし,,EFFDEEeEeAAAaaAB___CA__CA____B
,LV2,210,10,2,やや速い,小,なし,,FFGDEEeEeAAAaaAB___CA__CA____B
驚嘆ナル弩星グラーグ,LV3,220,10,2,やや速い,小,なし,,GFHEEEeEeBBBaaAB___CA__CA____B
極星嘆弩グラーガロア,LV4,300,10,2,やや速い,小,なし,,HGHFFEeEeBBBaaAB___CA__CA____C
,LV5,330,10,2,やや速い,小,なし,,IHHFFEeEeBBBaaAB___CA__CA____C
銀翼の連弩,LV1,180,0,1,極速,小,なし,,DFdBCcCCbAaaAaa______________B
龍星弩ホーテック,LV2,190,0,1,極速,小,なし,,EFdBCcCCbAaaAaa______________B
赫醒弩ボルテルク,LV3,240,0,1,極速,小,なし,,FGdCCcDCbBaaAaa______________B
,LV4,270,0,1,極速,小,なし,,GGdCDcDDbBAaBAa______________C
,LV5,290,0,2,極速,小,なし,,GHdCDcDDbBAaBAa______________C
,LV6,310,0,2,極速,小,なし,,HHdDDcEDbCAaBAa______________C
エルダーバレット,LV1,250,0,0,普通,中,なし,,GGHEEDDbbBaaaBaB_____BA_____D_
サルビアバレット,LV2,280,0,0,普通,中,なし,,HHIFEDDbbBaaaBaB_____BA_____D_
フィロゾフバレット,LV3,330,0,0,普通,中,なし,,HHIFFEEbbBaaaBaB_____BB_____D_
就航記念のバルバス,LV1,250,0,0,やや速い,中,左右/小,防御:30,IIJDECcbbAaaBBBBA____CB_______
バルバス・リミテ,LV2,280,0,0,やや速い,中,左右/小,防御:30,IIKDECcbbAaaCBBBA____CB_______
快航銃パラグビオン,LV3,330,0,0,やや速い,中,左右/小,防御:30,IJKDECcbbAaaCBBBA____CB_______
王牙弩【迸雷】,LV1,290,15,2,普通,中,なし,,FIIcDDdCcaaaAAaB___CB__B___E__
真・王牙弩【天象】,LV2,310,15,2,普通,中,なし,,GIJcEDdCcaaaBAaB___DB__B___F__
ガオウ・バルゾルデ,LV3,330,15,2,普通,中,なし,,HJJcEFdCcaaaBAaB___DB__B___F__
ウェル,LV1,290,10,1,やや速い,中,なし,,EEFdDDcDDAAAAAABB______B_B___C
サムデイ,LV2,310,10,1,やや速い,中,なし,,EFGdDDcDDAAAAAABB______B_B___C
ザ・ガンナー,LV3,330,10,1,やや速い,中,なし,,FFGdEEcEEAAAAAABB______B_B___C
バレットフォックス,LV1,250,0,2,やや速い,中,なし,,IHHCCcCCcBAAAAABC_________C___
速報隊専用弩【地狐】,LV2,290,0,2,やや速い,中,なし,,IIHCCcCCcBAAAAABC_________D___
真・地狐弩,LV3,330,0,2,やや速い,中,なし,,IIIDDdDDdBBAAAABC_________D___
インケントorオラクル,LV1,290,-20,3,やや遅い,やや小,右/大,,FFFdDDcDDBBBBBBBB______B_B____
フォギブorパニッシュ,LV2,310,-20,3,やや遅い,やや小,右/大,,GGFdDDcDDBBBBBBBB______B_B____
ヴァイスorヴァーチ,LV3,340,-20,3,やや遅い,やや小,右/大,,GGGdEEcEEBBBBBBBB______B_C____
砕光の輝弩,LV1,320,0,0,極速,中,左/小,,DFGDEeCccAAAaAaB_________D____
砕光のイラプタイト,LV2,330,0,0,極速,中,左/小,,DGHDEeCccAAAaAaB_________D____
砕光輝捷弩ジーブラク,LV3,350,0,0,極速,中,左/小,,DHHDEeDccBAAaAaB_________D____
宝弩の金属器,LV1,320,0,3,普通,やや小,なし,防御:60,CiiCffCffBaaaaa_______________
碑文の弩ジェフティ,LV2,330,0,3,普通,やや小,なし,防御:60,CjjCffCffBbbbaa_______________
真名トリスメギストス,LV3,340,0,3,普通,やや小,なし,防御:60,CllCggCggCccbbb_______________
黒龍翼弩,LV1,330,0,0,極遅,中,右/大,,EFGDDdCCcaaaaaaB_________D___C
真・黒龍翼弩,LV2,340,0,0,極遅,中,右/大,,FGHEEeCDcaaaaaaB_________D___C
真・黒龍翼弩【深淵】,LV3,350,0,0,極遅,中,右/大,,GHHEFeDDcaaaaaaB_________E___C
黒滅龍弩,LV1,320,-10,0,やや速い,中,なし,,GHIdDcCCDBBBAAA__________D___C
真・黒滅龍弩,LV2,330,-10,0,やや速い,中,なし,,HHIdEcCDEBBBAAA__________D___C
真・黒滅龍弩【早天】,LV3,340,-10,0,やや速い,中,なし,,IIIdEcDDEBBBAAA__________E___C
裏祖龍弩,LV1,320,0,1,やや遅い,やや小,なし,,HIHCCDdccAAABBBCAC_C_C_C_CCCC_
阿武祖龍弩,LV2,330,0,1,やや遅い,やや小,なし,,IIICDEdccAAABBBCAC_C_C_C_CCCC_
阿武祖龍弩【零】,LV3,340,0,2,やや遅い,やや小,なし,,IIJDDEdccAAABBBCAC_C_C_C_CCCC_
レギーナファイア,LV1,120,0,0,普通,中,なし,,CCDBbbBCbAaaAaaA_AAA_____B____
,LV2,130,0,0,普通,中,なし,,DCDBbbCCbAaaAaaA_AAA_____B____
,LV3,140,0,0,普通,中,なし,,DDEBbbCDbAaaAaaA_AAA_____B____
,LV4,170,0,0,普通,中,なし,,EEECbbDDbAaaAaaA_AAA_____C____
,LV5,180,0,0,普通,中,なし,,FEEDccDDbAaaAaaA_BAA_____C____
,LV6,190,0,0,普通,中,なし,,FEEDccDDcAaaAaaA_BAB_____C____
,LV7,200,0,0,普通,中,なし,,FEFDccDDcAaaAaaA_BABA____C____
,LV8,210,0,0,普通,中,なし,,GFFEddDDcAaaAaaA_BABA____D____
,LV9,220,0,0,普通,中,なし,,GFFFddDDcAaaAaaA_BABA____D____
レギーナフレイムロゼ,LV10,220,0,0,普通,中,なし,,GGGFddDDcBaaAaaB_BABA____D____
レギーナフレイムベネ,LV11,250,0,0,普通,中,なし,,HGGFeeEEdBaaAaaB_CBBA____E____
,LV12,270,0,0,普通,中,なし,,HHHFeeEFdBaaAaaB_CBCA____E____
,LV13,290,0,0,普通,中,なし,,IIIGeeFFeBaaAaaB_DCCB____E____
,LV14,310,0,0,普通,中,なし,,IJJGffFGeBaaAaaB_DCCB____F____
,LV15,330,0,0,普通,中,なし,,IKKGffGGfBaaAaaB_ECCB____F____
ラファガゲイズ,LV1,160,30,0,やや速い,中,なし,,DDdCEEcbbaaaaaa____BA__BA_____
,LV2,160,40,0,やや速い,中,なし,,EDdCEEcbbaaaaaa____BA__BA_____
,LV3,170,30,0,やや速い,中,なし,,EEdCEEcbbaaaaaa____BA__BA_____
,LV4,170,40,0,やや速い,中,なし,,EEeDEEcbbaaaaaa____BA__BA_____
,LV5,180,30,0,やや速い,中,なし,,EEeDEEcbbaaaaaa____BA__BA_____
,LV6,180,40,0,やや速い,中,なし,,EEeDEEcbbaaaaaa____BA__BA_____
,LV7,190,30,0,やや速い,中,なし,,EEeDEEcbbaaaaaa____BA__BA_____
,LV8,190,40,0,やや速い,中,なし,,FEeEEEcbbaaaaaa____BA__BA_____
,LV9,200,30,0,やや速い,中,なし,,GEeEEEcbbaaaaaa____BB__BB_____
黎明弩【鷹ノ眼】,LV10,200,40,0,やや速い,中,なし,,GFeEFEcbbaaaaaa____BB__BB_____
曙光弩【晨風】,LV11,230,40,0,やや速い,中,なし,,GFfFFFcbbaaaaaa____BB__CC_____
,LV12,250,40,0,やや速い,中,なし,,HFfFGFcbbaaaaaa____BB__CC_____
,LV13,270,40,0,やや速い,中,なし,,HGfFGFcbbaaaaaa____BB__CC_____
,LV14,290,40,0,やや速い,中,なし,,IGfFGFcbbaaaaaa____BB__CC_____
,LV15,310,40,0,やや速い,中,なし,,IGfFGGcbbaaaaaa____BB__CC_____
ド【禍】,LV1,170,20,0,普通,中,なし,,EEEbBbaCbaAaaAaBBBA______C___A
,LV2,170,30,0,普通,中,なし,,FEEbBbaCbaAaaAaBBBA______C___A
,LV3,180,20,0,普通,中,なし,,FEFbBbaCbaAaaAaBBBA______D___A
,LV4,180,30,0,普通,中,なし,,FEFbBbbDcaAaaAaBBBA______D___A
,LV5,190,20,0,普通,中,なし,,FEFbBbbDcaAaaAaBBBA______D___A
,LV6,190,30,0,普通,中,なし,,GEFbBbbDcaAaaAaBBBA______D___A
,LV7,200,20,0,普通,中,なし,,GFGbBbbDcaAaaAaBBBB______D___A
,LV8,200,30,0,普通,中,なし,,GFGbBbcDcaAaaAaBBBB______D___A
,LV9,210,20,0,普通,中,なし,,GFGbBbcDcaAaaAaBBBB______D___A
隻眼隊のショウド,LV10,210,30,0,普通,中,なし,,HGHbBbcDcaBaaAaBBBB______D___B
隻眼衝弩【災】,LV11,240,30,0,普通,中,なし,,HHHbCbcDcaBaaBaBBCB______D___B
,LV12,260,30,0,普通,中,なし,,HHHbCbcDcaBAaBaBBCB______D___B
,LV13,290,30,0,普通,中,なし,,IHHbDbcDcaBBaBBBBDB______D___C
,LV14,310,30,0,普通,中,なし,,IHHbDbcDcaBBaBBBBDB______D___C
,LV15,330,30,0,普通,中,なし,,IHHbEbcDcaBBaBBBBDB______D___C
黒炎竜砲,LV1,180,0,0,普通,中,なし,,DDDCCcBbbAAaAAa__AA______C____
,LV2,180,0,0,普通,中,なし,,EEECCcCccAAaAAa__BA______C____
,LV3,190,0,0,普通,中,なし,,FEEDCdCcdAAaAAa__BA______C____
,LV4,190,0,0,普通,中,なし,,FFFDDdDddAAaAAa__BA______C____
,LV5,200,0,0,普通,中,なし,,FFFDDdDddAAaAAa__BA______C____
,LV6,200,0,0,普通,中,なし,,GFGDDdDddAAaAAa__BA______C____
,LV7,210,0,0,普通,中,なし,,GGGDDdDddAAaAAa__BA______C____
,LV8,210,0,0,普通,中,なし,,GGHEDdDddAAaAAa__BA______D____
,LV9,220,0,0,普通,中,なし,,HGHFDdDedAAaAAa__BA______D____
慟黒炎竜砲,LV10,220,0,0,普通,中,なし,,HGIFEdEedBBaAAa__BA______D____
慟黒炎竜砲【駕羅】,LV11,250,0,0,普通,中,なし,,HHIFEdEedBBaAAa__BA______E____
,LV12,270,0,0,普通,中,なし,,IHIFEdEedBBaAAa__BA______E____
,LV13,290,0,0,普通,中,なし,,IIJFFdFedBBaAAa__BA______F____
,LV14,310,0,0,普通,中,なし,,IIJFFeFedBBaAAa__BA______F____
,LV15,330,0,0,普通,中,なし,,IJJFFeGedBBaAAa__BA______F____
金狼弩ライカン,LV1,180,10,0,普通,中,なし,,EEGcCcdCcaaaAaaB___B___B___C__
,LV2,190,5,0,普通,中,なし,,FEGcCcdCcaaaAaaB___B___B___C__
,LV3,190,10,0,普通,中,なし,,FEGcDcdDcaaaAaaB___B___B___C__
,LV4,200,5,0,普通,中,なし,,FEGcDcdDcaaaAaaB___B___B___D__
,LV5,210,5,0,普通,中,なし,,FEGdDcdDcaaaAaaB___B___B___D__
,LV6,210,10,0,普通,中,なし,,GEGdDcdDcaaaAaaB___B___B___D__
,LV7,220,5,0,普通,中,なし,,GEHdDcdDcaaaAaaB___B___B___D__
,LV8,220,10,0,普通,中,なし,,GFHdDcdDcaaaAaaB___B___B___D__
,LV9,230,5,0,普通,中,なし,,HFIdDcdDcaaaAaaB___B___B___E__
金狼牙弩【野雷】,LV10,230,10,0,普通,中,なし,,HGIdDcdDcbaaBaaB___B___B___E__
極・金狼牙弩【暉】,LV11,260,10,0,普通,中,なし,,HHJeEDdEdbaaBaaB___CA__B___E__
,LV12,280,10,0,普通,中,なし,,IHJeFDdEdbaaBaaB___CA__B___F__
,LV13,300,10,0,普通,中,なし,,IIKeFEdEdbaaBaaB___CB__B___F__
,LV14,320,10,0,普通,中,なし,,IIKfGEdFebaaBaaB___CB__B___F__
,LV15,340,10,0,普通,中,なし,,IIKfGEdFebaaBaaB___CB__B___F__
ルドラゾフル,LV1,190,-20,0,普通,中,左/小,,EBFcDCcCCAAAAAA________AA____A
,LV2,190,-10,0,普通,中,左/小,,EBGcDCcCCAAAAAA________AA____A
,LV3,200,-20,0,普通,中,左/小,,FBGcDCcCDAAAAAA________AA____A
,LV4,200,-10,0,普通,中,左/小,,FBHcDDdDDAAAAAA________AA____A
,LV5,210,-20,0,普通,中,左/小,,FBHcDDdDDAAAAAA________BB____A
,LV6,210,-10,0,普通,中,左/小,,GBHdEDdDDAAAAAA________BB____A
,LV7,220,-20,0,普通,中,左/小,,GBHdEEdDDAAAAAA________BB____A
,LV8,220,-10,0,普通,中,左/小,,GBIdEEdDDAAAAAA________BB____B
,LV9,230,-20,0,普通,中,左/小,,HBIdFEdDDBAAAAA________BB____B
鉤爪弩【荒虎掌】,LV10,230,-10,0,普通,中,左/小,,HCIdFFdDDBBBAAA________BB____B
荒鉤爪弩ＳＥＩＺＥ,LV11,260,-10,0,普通,中,左/小,,HCIdFFdEEBBBBAA________CB____C
,LV12,280,-10,0,普通,中,左/小,,IDJdGFdEEBBBBAA________CB____C
,LV13,300,-10,0,普通,中,左/小,,IDJdGFdEECBBBBA________CC____C
,LV14,320,-10,0,普通,中,左/小,,IDKdGFdFECBBCBB________DC____C
,LV15,340,-10,0,普通,中,左/小,,IDLdGFdFFCBBCBB________DC____C
爆焔のエンサー,LV1,170,0,0,普通,中,なし,,FEFdDdcCCAAAaAA________AAA____
,LV2,180,0,0,普通,中,なし,,GEFdDddDCAAAaAA________AAB____
,LV3,190,0,0,普通,中,なし,,GEGdDdeECAAAaAA________AAB____
,LV4,200,0,0,普通,中,なし,,GEGdDdeEDAAAaAA________AAB____
,LV5,200,0,0,普通,中,なし,,GEGdDdeEDAAAaAA________AAB____
,LV6,210,0,0,普通,中,なし,,GFGdDdfFDAAAaAA________BAB____
,LV7,210,0,0,普通,中,なし,,GFHeDdfFEAAAaAA________BBC____
,LV8,220,0,0,普通,中,なし,,GFHeDdgGEBBBaAA________BBC____
,LV9,220,0,0,普通,中,なし,,GFIeEdgGEBBBaAA________BBC____
燼滅弩イクリール,LV10,230,0,0,普通,中,なし,,HFIeEdhHEBBBbBB________BBC____
真滅弩イクリルノヴァ,LV11,260,0,0,普通,中,なし,,HGIeEdhHECBBBBB________CBD____
,LV12,280,0,0,普通,中,なし,,HGIeEdhHFCCBBBB________CBD____
,LV13,300,0,0,普通,中,なし,,IHIeFdhHFCCBBBB________CBE____
,LV14,320,0,0,普通,中,なし,,IHIeFdhHFCCBBBB________CBE____
,LV15,340,0,0,普通,中,なし,,IIIeGdhHFCCBBBB________CBE____
ウルヴァクヴァヤ,LV1,260,10,0,やや遅い,中,なし,,DFEcDccCcaaaaaaB_AAAABA_______
,LV2,270,10,0,やや遅い,中,なし,,EGFcEccDcaaaaaaB_AAAABA_______
朧梟侯爵ドルモ,LV3,280,10,0,やや遅い,中,なし,,EGGcEccEcaaaaaaB_BBBACA_______
朧梟大侯ゲンドルモ,LV4,290,10,0,やや遅い,中,なし,,FGGcFccEcaaaaaaB_BBBACB_______
,LV5,300,10,0,やや遅い,中,なし,,FHGcFccFcaaaaaaB_BBBBCB_______
天眼水銃・浮雲朝露,LV1,260,0,0,普通,小,なし,,EFFFFEDEdbBabBaB_BA_______E___
,LV2,270,0,0,普通,小,なし,,EFGFGEDEdbBabBaB_BA_______E___
ひさかたの天弩の時雨,LV3,280,0,0,普通,小,なし,,FGGGGFEFdbBabBaB_BA_______F___
ひさかたの天紅驟雨弩,LV4,290,0,0,普通,小,なし,,FGGGGGEFdbBabBaB_BA_______F___
,LV5,320,0,0,普通,小,なし,,FGGGGGEFdbBabBaB_BA_______F___
青電竜砲,LV1,260,20,0,やや速い,やや小,なし,,EFfFFEdEeCCcbbaB___CB______F__
,LV2,270,20,0,やや速い,やや小,なし,,FGfFGEdEeCCcbbaB___CB______F__
喊青電竜砲,LV3,280,20,0,やや速い,やや小,なし,,FGfGGFdEeCCcbbaB___CB______G__
喊青電竜砲【峙瑠】,LV4,290,20,0,やや速い,やや小,なし,,GHfGGFdEeCCcbbaB___CB______G__
,LV5,310,20,0,やや速い,やや小,なし,,GHfGGFdEeCCcbbaB___CB______G__
銀嶺弩,LV1,300,0,0,やや遅い,中,左右/小,防御:20,EFedDcFEEBbaBBBB_____BA_____E_
,LV2,310,0,0,やや遅い,中,左右/小,防御:30,GGedEcFFEBbaBBBB_____BA_____E_
銀嶺弾ドッド,LV3,320,0,0,やや遅い,中,左右/小,防御:30,HGfdEcGFFBbaCCBB_____BA_____F_
弩ッ弩王の全連射,LV4,330,0,0,やや遅い,中,左右/小,防御:40,HGfdFcGGFBbaCCBB_____BA_____F_
,LV5,340,0,0,やや遅い,中,左右/小,防御:40,HGfdFcGGFBbaCCBB_____BA_____F_
マサクルバレット,LV1,320,-10,0,極速,中,左右/大,,FFFBCCBCCAAaAaa_______________
,LV2,330,-10,0,極速,中,左右/大,,FFGBCCBCCAAaAAa_______________
マサクルバレッダム,LV3,340,-10,0,極速,中,左右/大,,GFGCDDCDDAAaAAa_______________
鏖弩カズサ,LV4,350,-10,0,極速,中,左右/大,,GGGCDDCDDBAaBAa_______________
,LV5,360,-10,0,極速,中,左右/大,,HGGCDDCDDBAaBAa_______________